title,author,text
『乱反射する「母」と「ラブ」』,山崎聡子,産めば歌も変わるよと言いしひとびとをわれはゆるさず陶器のごとく短歌研究２月号の大森静佳の歌にこうあって、その切り口の鋭さに慄いた。男性歌人には想像もつかないかもしれないが、「産んだら歌が変わる」「歌が良くなる」というのは女性歌人に投げかけられがちな常套句だ。たちが悪いのは発言する本人は百パーセント善意のもとに発言していることであり、私自身も面と向かって言われたときにすぐには反応ができなかった。そのとき、あいまいな表情でやりすごしてしまった自分を、今となっては悔やんでいる。女性である創作者が「産む」ことによって何らかの天啓（？）を受け変化するという神話の背景には、女性が創作物単体ではなく、その属性も含めてジャッジされてきた歴史があるのだろう。それに抗う戦いは個人単位でさまざまに繰り広げられてきたが、そういった属性をめぐるステレオタイプに対し、高度に構築された作為によって問いかけをしているのが、柴田葵の第一歌集『母の愛、僕のラブ』（書肆侃々房）だ。柴田は歌集のタイトルになった一連で、第一回笹井宏之賞を受賞している。【神様はいないのこれは学問よしあわせになる勉強会よ】僕らはママの健全なスヌーピーできるだけ死なないから撫でててづくりをする信念のママの子に産まれて着色されない僕ら【戦争にいかせたくないわたし自身が戦争になってもこの子だけは】僕にはもう他に女ができたから男もできたから母さんの余地はないから説明が必要になるが、「母の愛、僕のラブ」という連作は、「母」と二人で暮らす「僕」の独白からはじまる。ここでの母と僕の関係は、自家中毒的で濃密だ。「ママの健全なスヌーピー」「手づくりを信念とする」というキーワードからは、この母親の「母性」をめぐる信仰の強さが透けて見える。また、【】で括られた歌は母自身の言葉と読めるが、「わたし自身が戦争になってもこの子だけは」といった信仰上の母性をデフォルメしたようなレトリックは、一連に異様な緊迫感を与えている。さらには、当初は「僕」という人称から少年だと思われた作中主体は、連作の途中で「ボクっ子」（僕という人称を使う女の子）であるとわかる。この「母」、もしくは「女」という存在に対する戯画化とジェンダーのねじれは、おそらくはステレオタイプな見立てに対する作者なりの格闘であろうことがはっきりと見て取れる。窓際のマトリョーシカはかろやかに女が女に女へはいるもうあなただけの体じゃないのよとわたしに微笑む全然知らないお婆さん幾人も私の内に住まわせていいの、全部を連れていくから産むことと死ぬこと生きることぜんぶ眩しい回転寿司かもしれず飽きるほど誕生日してめくるめくまっ白な髪を抱きしめあおう「かろやか」という女に付せられがちな形容詞や「もうあなただけの体ではない」という定型句にレトリックをもって違和感を提示しながら、柴田は、自分のなかにあるありもしない人たちまでを「連れていく」という。この歌集の「わたし」は面白いほどひとつの像を結ぶことがないのに、ただ生の怒涛とそれを全力で肯定しようとする意志のみが強く手渡される。生活していくことのすべてを乱反射させながら人間が人間を産み継いでいく混沌のこと。これを「母性」とくくる人を、わたしは許さない。
『「わたし」のいるところ』,山崎聡子,このお正月、ジュンパ・ラヒリ『わたしのいるところ』とカン・ハンナ『まだまだです』を続けて読んだ流れで、外国語でものを書くことについて考えた。ラヒリは、アメリカで育ったベンガル系インド人の作家で、これまで自分のルーツに近い登場人物たちを多く描いてきた。彼女の小説の読後感はときに苦いが、それは生まれながらに「異邦人」であること、二つの国と言葉の間にある運命を自分では選べなかったこととも関係があるのだろう。そのラヒリが、イタリアに移住し、自らの意思で獲得したイタリア語で書いた小説が『わたしのいるところ』なのだ。わたしが読んだのは邦訳だが、この小説では、これまで顕著だった「異邦人」としての眼差しが慎重にマスクされているのに気づく。主人公はローマと思われる都市に生まれ育った女性で、一人で暮らす身の回りや、既婚の男友達とのかかわり、年老いた母親との微妙な関係性が淡々と描写される。ここでは主人公も周囲の人たちも誰一人として名前をもたず、それぞれの関係も淡く名付けがたい。ラヒリにとっては、英語でもヒンディー語でもない第三の言語で書くことが、私小説的な「わたし」を抜け出し、無名の「わたし」を立ち上がらせるのに必要なプロセスだったのだろうか。一方のカンは、現在、「ＮＨＫ短歌」のレギュラーをつとめ、テレビタレントとして活躍しながら短歌を書いている、韓国出身の歌人だ。以前、別の短歌番組で驚くほどのびのびとした歌を詠むこの女性に釘付けになったのを覚えているが、この数年で新人賞の候補で名前を見るようになり、こうして歌集が出版された。その歌集『まだまだです』には、外国で生活することの寄る辺なさがそこここに立ち現れている。カンさんは在日ですか？違います、ニューカマー、いえ異邦人です話したいことを話せず喉かゆしハーブの香りの飴なめて待つ「好き嫌いではなくこれからは中国語」配られたティッシュの赤い広告一階にあるファミマでは白い手も黒い手もみなおにぎりを取る外国での生活は、自分が何者であるかを突き付けられ、アイデンティを勝手に推し量られることの繰り返しだろう。「異邦人」と自らを定義することには、外野からの決めつけを跳ねつける軽やかさと強さが混在しているように思う。「話したいことを話せない」のは外国語だからではなくて、思いを言葉にしたときに生じる言葉と自分との距離のことだろうか。「ハーブの香りの飴」という下句がこの歌に浮遊感を与えていて、いっそう寄る辺なさが募る。テッシュの歌もファミマの歌も、内側からは目に留まりにくいものをビビッドに掬い取っていてどきっとさせられる。スーパーの片隅にある見切り品がまっすぐ前を向くように直す「誰よりも優しく賢く産んだのに寂しくさせる子」母がまた言う一方で、この歌集が「異邦人」としての視点に終始していないのは、強固な「わたし」像が匂い立っているからだろう。スーパーの見切り品に心を寄せる繊細さとまっすぐ前を向くタフネスが同居する「わたし」。両親からの愛情を受け、それをてらいなく表現する「わたし」。この人物像が作者の内なるものであるのは紛れないが、「わたし」が否応なしに立ち上がってしまうこの表現形式との親和性の高さゆえとも言えないか。ラヒリの小説の示唆的なタイトルを思い浮かべながら、短歌は「わたしのいるところ」を映し出す鏡のようだと思った。
『すべて失うも良し』,高島裕,角川『短歌年鑑』令和二年版掲載の座談会「国語教育と短歌ーなぜ文学か」（柳宣宏・栗木京子・小島ゆかり・佐佐木定綱）に注目した。この座談会は、二〇二二年度から実施される高校学習指導要領によって、国語の科目編成が変わり、使用説明書やプレゼンの文書などの実用的な文章について学ぶことにウェイトが置かれる一方で、近現代の文学について学ぶことが疎かになるのではないかという危惧を中心議題とするものである。四人とも、実用的な文章だけしか学ばないことがいかに世界と人生をつまらないものにしてしまうか、そして、文学を学ぶことが、すぐには役に立たないとしても、世界と人生にとっていかに大切で、意味あることかを、それぞれの言葉で語っている。だが、無味乾燥な「実用的文書」を正しく理解し、把握することは、これから先の時代において、死活的に重要である。契約、規約、使用説明書など、以前なら形式だけのものとして読み飛ばしても支障なかったものが、今はそうではないことは、誰もが感じているだろう。わたしたちが携っているような、エンターテインメントとは別の、有用性では測れない目に見えない価値を追求する文芸は、マーケットとしては取るに足らないものであるにもかかわらず、その市場規模には不釣り合いな、高い社会的認知を受けている。それは、学校制度を通じて、国家がその「文学的価値」を保証しているからである。その点で、文学は貨幣に似ている。貨幣同様、その「価値」は、つきつめれば無根拠である。だから、歌人を含む現代文学の担い手が、学校制度による保証が揺らぐことに敏感になるのは、当然である。だが、座談会の終わり近く、小島ゆかりが語った、東洋大学の「現代学生百人一首」の選者を務めた際の経験は、この「保証」がいかほどのものであるかを示している。小島（略）私以外の二人か三人の選者の先生は教員で、私だけが違う。私が特選にしたいと思ったのは〈ほんとうはやさしくしたいだけどいつも心の中にギザギザナイフ〉という高校生の歌で、特選が無理なら入選にしたいと言ったんですけど、先生方がうーんと言うんです。…（中略）…「これは印刷されて活字になって長く残るんです、父兄も見ます、十年後にも残るんです。やっぱりこういうのは止めましょう」って、押し切られて佳作になってしまった。この座談会でも言及があり、小島が判者を務める、高岡の「高校生万葉短歌バトル」を見に行ったことがある。高校生たちの作品も歌合も熱気あるいきいきしたもので、見ていて楽しく、心強くもあったが、その一方で、「いじめやドラッグの歌はここには出せないだろうな」とも思った。ほのかな恋心や温かな友情を詠む彼ら、彼女らの向こうには、憎悪と殺意をたぎらせた、かつての私のような十代が、数知れず、表現への飢渇をくすぶらせているに違いない。もちろん大人になれば、どんなネガティブな表現も発表できる。だが、学校制度を通じた国家保証を頼りにしている限り、わたしたちは、小島が経験したような規制と無縁ではありえない。短歌が、日本語による文芸が、「上品なご趣味」であることを自己否定し、真の生命を取り戻すためには、実用国語に席を譲って、国家保証を失ってしまうのも良いかもしれない。歌はほんらい学校で教わるものではなく、人が生き、語る場から生まれ、詠み継がれ、読み継がれるものだからだ。
『他者としての韓国』,高島裕,『短歌研究』一月号では、「韓国と短歌」をテーマとして、吉川宏志と、思想家・内田樹との対談が行われた。まず内田が、最悪と言われる最近の日韓関係について、日本国内において嫌韓感情が蔓延しているのは、目覚ましい経済発展を遂げ、やがて日本よりも豊かな国になるであろう韓国に対する嫉妬と、安倍政権が排外的愛国主義をかき立てて延命を図ろうとしていることによるもので、メディアの世論操作がそのことを覆い隠し、韓国が理不尽に日本を攻撃しているという印象を作り出しているのだ、という認識を述べる。韓国における日本製品の不買運動ひとつをとっても、内田のこの認識は成り立たないように思える。最近の日本における嫌韓、韓国における反日の蔓延は、情報技術の進化によって、互いの細部が可視化されたことによる、（似た者同士ゆえの）異文化アレルギーであり、本質において、政治的にニュートラルな現象だと思える。それはさておき、続いて吉川が、政治的主題による作歌の難しさに触れて、こう述べている。短歌は難しくて、政治に対する怒りをストレートに言っちゃえば言っちゃうほど、読むほうが身を引いてしまうところがある。（中略）ただ、間接的に表現するばかりだと、歌が弱くなってしまいますし、何を伝えたいのかが分からなくなってしまう。それはとても悩ましいとろですね。悩ましいことなど何もない。主題が政治であれ、風景であれ、家族であれ、歌詠みが考えるべきなのは、定型を媒介として、言葉の力をいかに豊かに引き出すか、ただそれのみである。短歌を、それ以外のもののために利用しようとしているから、こんな倒錯した「悩み」が生まれるのだ。この点について、筆者は吉川に対し、再三指摘し、批判してきたが、まったく改める気配がないのは、残念である。続いて、近現代短歌が韓国をどう詠んできたかを、与謝野鉄幹、石川啄木から近藤芳美、李正子、そしてカン・ハンナに至るまでの作品を取り上げ、語り合っている。たとえば鉄幹の「から山に、桜を植ゑて、から人に、やまと男子(をのこ)の、歌うたはせむ。」について、「日本文化を押しつけるという、後の時代の朝鮮支配のやり方を、先取りしている感じがありますね。（吉川）」などと言い、また近藤芳美の「鶴嘴を己れの影に打ちつづくきびしき西日となりたる中に」について、「日本人の一人として、朝鮮人を使役している立場で（中略）つらい仕事を強いている心苦しさは、やはり伝わってくる（吉川）」と述べている。つまりあくまでも、韓国が主題としてどう詠まれてきたか、ということを語っているに過ぎない。さまざまある主題の中のひとつとしての韓国を語っているに過ぎない。だが、歌詠みとして、韓国に対するアプローチが、この程度のものであってよいのだろうか。まず、韓国語は、日本語に最も近い外国語である。ゲルマン諸語の間の類縁性には及ぶべくもないが、日本語の詩歌に携る者として、この最も近い異言語とその詩歌表現（時調など）のありように関心を持つべきだろう。また、和歌を中心とする日本の伝統文化のルーツとして、朝鮮は決定的、根源的な位置を占めている。それを認めたがらない日本人の意識に対し、歌詠みとして、和歌文化の継承者として、揺さぶりをかけるべきだろう。既定の短歌の枠組みの中で、主題として韓国を詠み読むだけでは、他者としての韓国には出会えない。
『富山の息吹』,高島裕,去る十一月十日、富山市・高志の国文学館で開かれた、「現代短歌ミニシンポジウムin富山〈いま〉を吹き抜ける」を見に行った。このイベントは、山階基『風にあたる』・笠木拓『はるかカーテンコールまで』ともに第一歌集となる二冊の刊行を記念して、黒瀬珂瀾が中心となって開催されたものである。笠木は富山在住、関東から山階を招いた。午後一時半スタート、前半は山階・笠木を交えての公開歌会、後半は黒瀬の司会で、山階・笠木の二人が、互いの歌集や現代短歌、それぞれの短歌観などについて、語り合うシンポジウムが行われた。前半の公開歌会は、文字通り歌会そのものを聴衆に見せるというもので、山階・笠木のほか、地元富山石川在住の十人ほどの歌詠み達が、互いの歌々を批評し合った。提出された歌々も、それについての議論も、いきいきとして熱を帯び、言葉と表現の可能性が開かれてゆく過程を、聴衆として共有するのは、なかなか新鮮だった。続くシンポジウムでは、山階・笠木が、互いに相手の歌集から十首を選び、またそれぞれが、ここ十年ほどの現代短歌の中から五首を選んでレジュメとし、黒瀬の司会でさまざま語り合った。その中で山階が、作歌にあたって文語か口語かを意識することはなく、自分にとってしっくりくる表現を求めて、結果口語になることが多いだけだと言っていたのが印象的だった。そして、この対論の中で、「しっくりくる」ということが、ひとつのキーワードになっていたと思う。山階も笠木も、表現のテクニカルな面白さに淫することなく、自分の中に生起するイメージに過不足なくぴったりくる言葉を掘り当てるまで、けして妥協しない、という作歌姿勢を共有している。ここ十年、二十年ほどの口語表現の進化をしっかり咀嚼しつつ、詩型の可能性を未来に開いてゆく若い二人の、この「まっとうな」姿勢をとても心強く感じた。もうひとつ注目すべき点は、このような現代短歌の最前線に触れるイベントが、富山の地で開催され、成立したということである。当日会場は、短歌に携わり、また関心を持つ、さまざまな年代の方々が集い、みなさん熱心に聴き入っていた。富山には昔から短歌に携わる人々のネットワークが存在し、いくつかの歌誌も発行されてきた。近年では、亡き辺見じゅんが富山を拠点に設立した「弦」の存在が大きい。辺見の歌業文業が、父角川源義を通じて、ふるさと富山の風土に深く染め上げられているのは、周知の通りである。さらに、戦中戦後の時期、筆者の生家にも程近い南砺市城端、福光の地が、民藝運動を軸とした、文芸・芸術のサロンとなっていた。福光に疎開していた棟方志功はこの地で画業を深化させ、この地をよく訪れた柳宗悦は、城端善徳寺に籠って『美の法門』を書き上げ、民藝運動の理念を宗教的に基礎づけた。その背景には、文芸・芸術に深い関心と希求を持ち、棟方や柳らを支えた、数多くの地元の人々の存在があった。そしてさらに重要なのは、室町期の一向一揆以来、この土地に深く根付いている浄土真宗の教えである。棟方も柳も、浄土真宗の教えに触れることで、その創造と理念を深化させたのである。念仏の響きは、富山の清冽な風光風土と一体化して、精神を洗い、育むのだ。そう考えると、まさに浄土真宗の僧侶として、黒瀬珂瀾が富山にいることの意味は大きい。富山の地はふたたび、懐かしく新しい、世界性を具えた創造精神を生み出し、育むであろう。
『バカの幸ふ国』,高島裕,「あいちトリエンナーレ２０１９」の企画展「表現の不自由展・その後」が、その中の作品「平和の少女像」に対する抗議が相次いだことにより、展示中止になった、と聞いた時、事情をよく知らなかった私は、その抗議は韓国側からのものかと思った。慰安婦の心の傷と抗議の思いを込めた少女像を、「作品」として展示するなど、軽率であり、許せない、というようなことなのか、とぼんやり思っていた。ところが、実際は、全く逆であった。この展示を見た松井一郎大阪市長や河村たかし名古屋市長が、「日本人の心を踏みにじるもの」（河村）、「我々の先祖がけだもの的に取り扱われるような展示物」（松井）などと騒ぎ出し、この展示に税金が使われていることを問題視して、展示中止を求めた、そしてそれに続いて、この展示に対する抗議と脅迫が相次ぎ、展示中止に追い込まれた、ということであった。私は、「こいつら、バカか」と思った。その後の補助金不交付の件も含め、この問題を「検閲」として捉える議論が多い。だが検閲とは、公権力が、自らに都合の悪い思想信条の表現を見つけ出し、排除するというものであろう。松井や河村の発言やそれに続く動きは、そんな上等なものではない。「問いかけ」として置かれているものと、政治的主張との区別がそもそもできていない者たちが権力・暴力を行使して表現を圧殺している、ということであり、つまりは群れなすバカが芸術を狩る、という事態が進行しつつあるのだ。「平和の少女像」の作者が、まさにあの「少女像」を製作した、韓国の彫刻家夫婦であったとしても、まずは作品として、問いかけとして受け取った上で、作品批評の言葉によって批評されるべきであるのはいうまでもない。反対者はこの企画展に税金が使われていることを言い募っているが、日本国やその地方自治体に税金を納めているのは、日本人だけではない。日本人にとって居心地の悪い問題提起のために税金を使うな、などと、誰にも言う権利はない。山かげの大根畑に雨ふりてあめは青しと日記にしるす遠山光栄（心の花）遅れたる歌稿急ぐと泣く吾子を背に結びつつペン取りにけり羽山誠子（潮音）モンペ服白鉢巻にひきしまりならぶ早乙女いたくうつくし原常雄（覇王樹）代数の考査不首尾に帰り来し子は「轟沈」の語を用ゐたり犬飼武（水甕）『短歌』八月号の特集「戦中のうた一九四一-一九四五年の結社誌から」より、戦時中に詠まれた歌々を引いた。厳しい言論統制と検閲の中、刈り残された雑草のようにこうした歌々は詠まれ、人が生きて日々を暮らす息づかいとともに、歌のいのちを繋いでいった。危機は繰り返される。しかし、同じようにではない。この先、わたしたちが向き合わねばならないのは、大東亜戦争の際の国家権力よりも、なお一層愚劣で幼稚な、未知なる「権力」である。大切なのは、どんな厳しい状況の中でも、無為と無駄が許される時空間を確保し、守り抜くことである。降る雨を青いと感じて日記に記したり、家事育児に忙殺れる中で一銭にもならぬ歌作のペンを取ったりすることを決して止めないことである。目先の効率や損得勘定では測れない場所に、創造の拠点を確保し続けることである。
『河原の石として』,高島裕,『短歌研究』連載の、今井恵子「短歌渉猟ー和文脈を追いかけて」が、六月号をもって終了した。二年余りにわたって続けられたこの連載だが、その初回から、筆者は注目してきた。古今の短歌・和歌はもちろん、社会的・学問的事象に広く取材しつつ、この詩型を成り立たせている日本語表現の特質・美質を、さまざまな角度から考察している。その真摯な問題意識に共感できるだけでなく、さまざまな対象、事象を自在に「渉猟」してゆく筆の運び、文章スタイルそのものが、日本語の美質を活かした表現の実践となっていて、読む者を豊かな気持ちにさせてくれる。その最終回で今井は、令和改元による、万葉集への関心の高まりを喜びつつも、品田悦一による批判的見解にも触れ、次のように述べている。今日、『万葉集』の価値を認めないという人はいないと思われる。品田がいうように近代国家日本の国民詩として再構築された経緯があったとしても、政治利用されただけではなく、詩歌として共感できる感情が根付いていよう。また、角川『短歌』六月号の時評で、廣野翔一は、『短歌研究』一月号の特集「平成の大御歌と御歌」に触れている。そして、天皇制と短歌との結びつきについての葛藤を失った点でこの特集を批判した瀬戸夏子や川野芽生の見解に対する「拒絶感」を表明した上で、次のように述べている。「天皇制との関係は、文学としての短歌の「原罪」であると同時に、文芸としての「強味(つよみ)」でもあるのだ」と（中略）大辻隆弘は書いているが、私は前に述べた瀬戸や川野の反応があまりにも「原罪」を強調し、なおかつこの特集を取り巻く権力とシステムという外縁しか触れないやり方はどうなのかなと感じた。万葉集や天皇といった、古くから継承されている（とされる）、ナショナルアイデンティティーの中核をなす事象に対し、反権力の文脈から否定的な見方をする人々に、今井も廣野も、違和感を持っている。そうした見方が、「詩歌として共感できる感情」に分け入ることなく、「外縁しか触れないやり方」に見えるからだ。だが、ここで問題となっている「権力とシステム」は、「外縁」から詩歌を「政治利用」するだけではなく、「詩歌として共感できる感情」そのものを成り立たせ、方向づけるものである。万葉集の文学的価値や天皇の歴史的尊厳を高く引き上げてきたのは、近代日本、戦後日本の国力である。実際は、万葉集と同等の文学的価値を見出し得る古いテクスト、歌謡は、世界中に、無数に存在するであろう。天皇についても、ローマ法王やダライ・ラマなど、比較可能な宗教的王統はいくらでも存在する。日本の天皇だけが特殊な存在なわけではない。もちろんそれでも、万葉集なり天皇なりの、他にはない固有性を指摘することはできる。けれどもそれは、河原の石ころのひとつひとつが、よく見れば少しずつ色や形が違っているのと同じことである。今日本は、百年余り続いた「まぐれ当たり」の季節の終わりにさしかかっている。徐々に国力を弱め、中国の衛星国家ないし属国という、本来の身の丈に合った国際的地位に立ち戻る過程にある。この衰亡期にあたって、万葉集や天皇に関わる権力の問題をことさら強調するのは、間違いではないにせよ、どこか虚しく、ピント外れではないか。今井や廣野の、一見素朴すぎる反発には、こうした、正しい時代感覚が影を落としているように思える
『「人間」という物語』,高島裕,『短歌』五月号の特集は「ヘビーヴァース」であった。「ライトヴァース」が盛んだった時代に比して、社会の空気が暗転した現在の短歌表現のありようを浮き彫りにしようという企画意図が明瞭である。だが、考えてみれば、どんなに「ライト」に見える表現であっても、それが作品として力を持つためには、どこかに「重いもの」を含んでいなければならない。悲しみや苦しみ、つきつめれば「死」につながる何かを含まない言葉は、詩歌とはなり得ない。だからこの特集は、優れた書き手、語り手たちによる充実した内容ではあったが、「ヘビーヴァース」という新奇な呼称とは裏腹に、短歌、詩歌の普遍的な本質を改めて確認するような議論にならざるを得なかった。その中にあって、寺井龍哉の論考「口語に、乞うご期待」は、極めて現在的な問題意識に貫かれており、「ヘビーヴァース」の名において共有されるべきテーマが何であるのかに答えようとしている。寺井は、大きな話題となった、短歌における「人間」をめぐっての、馬場あき子と永井祐との見解の齟齬を取り上げ、「馬場が『人間』を考究の対象として設定してきたのに対し、永井はその内実を一括して把握できるとは考えず、いちいち現実にそくして補充すべきものととらえている」とまとめる。そして、既存の短歌らしさからははみ出してしまう「現実」を捉えるために、新たな口語文体が必要だったとして、近年の注目すべき口語歌を数首取り上げて分析した上で、「作品の蓄積によって、口語的な文体の持つ意味はより明確になり、やがて多かれ少なかれ硬直化し規範化する。そこで作品にあらわれるものが、いま『人間』と呼ばれているものの位置を占めることになるのだろう。まだそれが見えないだけだ」「期待をはずれたところに残存する事象や想念を果敢に作品化しようとするとき、期待を固定化させた眼が新たな表現をつかみそこねるのはやむをえまい」と結論づける。作品に対する期待を、既存の「短歌らしさ」に固定化した者の眼には、新しい口語文体は「人間」「人生」に根ざすことのない、軽く無価値なものに見えるかもしれないが、新しい口語歌は、その「短歌らしさ」をはみ出した「現実」を捉えようとして編み出されたもので、蓄積と洗練の果てに、「人間」「人生」と同等の重みを獲得するだろう、ということだ。歴史と現在を貫く広い視野がもたらす、説得力のある見解である。だが、この結論の後、寺井はさらに重要なことを言っている。「作品を生み出した時点から時を経た作者自身が、当の作品にとっては他者に他ならないということは、誰もが知っている」と。「誰もが知っている」にもかかわらず、誰もがその事実に眼をつむり、作品と作者の一体性を信じているふりをし続けているのはなぜか。それは、時間的な自己同一性を保持する「人間」という物語の中に自分や他人を置いて、安心したいからだ。その安心は心の安寧のために必要なものであり、一概に否定することはできない。だが、安心を守りたいがために、本当は信じてもいない物語を振りかざして、新しい試みを軽いとか無意味だとか決めつけるならば、やがて「現実」からの手痛いしっぺ返しを食らうことになるだろう。本当は「作品を生み出した時点」においてすでに、言葉は、生身の作者からはズレてしまっている。「人間」や「人生」の重さと考えられてきたものは、たんに言葉の強度として捉え直されねばならない。
『母と個』,高島裕,山木礼子の『短歌研究』作品連載に注目した。キッチンへ近づかないでうつくしいものの怖さはもう教へたよ（三月号「花籠に花」）やはらかな毛布にふたり子を溶かしわたしも溶ける報はれたいな（六月号「チーズと火薬」）泣き顔がどうも舅に似てきたなともあれ深く抱きしめてやるあかるいが助けてくれぬ常夜灯早く寝てくれ寝てください使ひすてのわたしがほしい封切ればあたらしい笑顔で立ちあがる筆者（高島）自身の歌も含めて、男性が父親として詠む育児の歌は、どうしても手放しの愛情に彩られてしまいがちである。それにひきかえ、山木の母親としての歌々は、幼い生命への柔らかく甘やかな眼差しを詩的美感へと造形しながらも、明確にわが子との距離を保ち、表現者としての自分、個としての自分を確保しようとする強い意志に貫かれている。結果、冷静明晰でリアルな育児の現場が、見事に作品化されている。こうした作品としての達成は、もちろん山木自身の豊かな才質によるものなのだが、それはまた当然、性差にリンクしてもいる。男性歌人（高島を含む）が、わが子に対する手放しの愛情を詠んでしまえるのは、表現者としての自分、個としての自分が予め保証されているからだ。わが子への愛に溶けてしまったかのように詠んだとしても、けして溶けてしまうことのない〈個〉が、しっかり確保されている。筆者がここで言っているのは、目に見えない本質論などではない。子を持ちても歌会へ通ふ日々をもつ男性歌人をふかく憎みつ（三月号「花籠に花」）父親となった男性歌人が、独身時代と変わらず歌会に通い続けたとしても、「今日はお子さんはどうしたの？」と心配されることはまずない。当然家で妻が子供の世話をしているだろうと、みんな思っている。だが、母親となった女性歌人が、夫に子供を預けて、独身時代と変わらず歌会に通い続けたとしたらどうだろう。はっきり言われるか言われないかは別として、その行動は倫理的指弾の対象となるだろう。しかし、女であり、妻であり、母であることは、やみがたい表現欲求を抱えた個であることを消し去るわけではない。欲求があり、能力があることが明白であるにもかかわらず、女であり、妻であり、母であることによって、個としての表現者たることを諦めさせようとする社会的倫理的圧力が存在することを、私たちは（とくに男性は）しっかり認識するべきだ。もちろん、男性に保証されている〈個〉は、宿命としての孤独でもあり、生命継受の営みから排除された者の悲しみでもある。また、厳然たる自然の掟として、子育てにおいて、母親にしかなしえぬことが多くあり、子供にとって、（父親ではなく）母親の存在が致命的に重要であることはいうまでもない。しかしそれらすべては、母親となった女性が、個としての表現者たることを完うしてはならぬ理由とはならない。筆者は今、手足口病の回復期にある娘と、その感染が疑われる、職業人である妻とを措いて、ひとりでパソコンに向かって、この文章を書いている。その矛盾と偽善に気づくとき、山木の歌々は、ひりひりするような現実感をもって、あらためて心に迫ってくる。
『ニューウェーブ＝記号短歌？』,高島裕,加藤治郎は、『短歌』二月号掲載の「ニューウェーブ三十年」と題する文章の中で、次のように述べている。一九九〇年代のニューウェーブは、口語体を基盤として、解釈不能・音読不能の記号的表現を試みた。ニューウェーブを他と識別するのは「解釈不能・音読不能の記号的表現」が作品にあるかどうかである。口語体は、短歌史上では「ライトヴァース」と称せられた俵万智、林あまりを始めとする一群の歌人の表現上の特徴である。口語体のみをもってニューウェーブというのは短歌史的に妥当でない。「ニューウェーブを他と識別するのは『解釈不能・音読不能の記号的表現』が作品にあるかどうかである」というくだりに、筆者は大変驚いた。筆者の知る限り、「ニューウェーブ」の定義としてこれは新説である。この新説を詳しく検討してみよう。まず「作品にあるかどうかである」という部分には、二通りの解釈が可能である。①一首の作品の中に「解釈不能・音読不能の記号的表現」があるかどうかである。②「解釈不能・音読不能の記号的表現」を含む作品を作ったことのある作者の作品であるかどうかである。もし①であるとすれば、「マガジンをまるめて歩くいい日だぜときおりぽんと股(もも)で鳴らして加藤治郎」「体温計くわえて窓に額つけ「ゆひら」とさわぐ雪のことかよ穂村弘」といった、いわゆるニューウェーブの名歌とされている歌々をはじめ、直接に記号的表現を用いないすべての歌がニューウェーブから除外されてしまう。②であるとすれば、この定義が短歌史的に意味を持つためには、「解釈不能・音読不能の記号的表現」の表現としての本質が、当該の作者の作者性と必然的に結びついていなければならない。ではその表現としての本質とは何か。加藤はこの文章の中でそれに触れ、意識があって深層意識があるというだけでなく、「意識の領域に破片のように散乱する意識」「意識を切り刻む、あるいは駆け抜けてゆく意識」があり、それを表現するのには「記号を使ったレトリック」によるほかなかった、と述べている。そしてそれは、ワープロを生んだ文書処理ソフトウェアがもたらす、文字表記をめぐるデジタル環境と不可分であったという。つまり、デジタル環境がもたらすノイズや偶発性のようなものが意識を侵食し、変容させてゆくリアリティーを捉えるのが「解釈不能・音読不能の記号的表現」であり、直接に記号的表現を用いなくても、当該作者の作品が、こうしたリアリティーに触れているならば、それはニューウェーブ短歌だということになろう。それを踏まえた上で、もう一度あの名歌二首を見てみよう。「マガジンを」の歌は、新しいポップな自画像を生み出しているが、この自画像はクリアで安定した意識のもとに統一的に捉えられており、意識を切り裂くノイズのようなものの入り込む余地はない。「体温計」の歌は、「ゆひら」という意味以前の発声にノイズを感じるが、「雪のことかよ」という、意味への回収こそが一首の叙情を生んでいるのだから、やはり、ノイズや偶発性の表現とはいえない。よってこれら二首は「解釈不能・音読不能の記号的表現」の詩的本質を持たないから、ニューウェーブ短歌とは呼べず、口語体による「ライトヴァース」だということになる。一九九〇年代の尖鋭的な口語歌の短歌史的本質は、風土と歴史的罪責意識からの切断である。記号短歌は、そのひとつの現れに過ぎない。
『修辞こそすべて』,高島裕,『短歌』二〇一九年版短歌年鑑に「生きづらさと短歌」と題する座談会（島田修三・川野里子・大松逹知・川野芽生・阿波野巧也）が載っている。冒頭で司会の島田が言っているように、「根源的な生きづらさは自明のことで、それを持っていない人は文学なんてやらない方がいい」のである。だが、今日この時代が「根源的な生きづらさ」が、より強く意識されてしまうような社会的・精神的情況にあることは、多くの人の感じているところであろう。座談会では、各自が「生きづらさをうたった歌」十首を選んできて、それをもとに、現在の生きづらさを、短歌との関わりの中で議論している。こうした議論がいつもそうであるように、この座談会でも、社会的倫理性と文学芸術における表現との位相差が鋭く意識された。「短歌の話をしに来て、社会の話になっても仕方ない（阿波野）」「現実の担保との関わりあいは短歌にとっていつも厳しい問題だけど、私はそこに重きを置きすぎると短歌の表現としての可能性が制約される感じがする。結局本物探しになると思う（川野里子）」といった発言からもわかる通り、座談会のメンバーはこの位相差を明確に自覚しており、この問題にたいする健全な警戒感を共有している。しかし、このことが繰り返し確認されているということは、逆に言うと、この位相差を無化してしまうような力が、議論の中に働き続けているということでもある。次に引く阿波野の発言に立ち止まった。生きづらさを直接詠った歌となると「まひる野」系が多い気がする（笑）。手法として自分の現実をどう歌に出すかというときに、人間を出していくと、こういうところになっていくのかなという気がした。「塔」とか「未来」の人だったら同じような社会状況でもこうは作らないだろう。そこは隠して修辞的にどうカッコよく見せていくか……。ストレートに作っている歌しか信じられなかった。歌を作っている人を歌からどれだけ信用するかというのを大事に思っていて、生きづらさを詠うときに、ほんまか、と思ってしまったらもう駄目なわけです。これは、生きづらさうたった歌を選ぶことについての発言であり、歌の評価そのものについて言っているわけではない。だが、詩歌表現における「人間」と「修辞」との対立図式が今なお生きており、それが今日の「生きづらさ」の中で、一層強く人々の認識を拘束しつつあることを示してはいるだろう。苦しみて生きつつをれば枇杷(びは)の花終りて冬の後半となる佐藤佐太郎この歌は阿波野が「ベタに苦しいと言っている歌」として選んでいる。しかし、上二句の過剰に「ベタ」な言い方は、「枇杷の花」という具象、そして「冬の後半となる」という平板な季節指定と干渉し合うことで、殺風景な世界の中を、心を抱いて生きてゆくことのやりきれなさを、よく言い当てている。つまり、「ベタ」であることそのものが、すぐれた修辞となっているのだ。いわゆるストレートな表現も、詩歌においては修辞の一様態として評価されねばならない。阿波野は、そんなことは百も承知であろうが、こうした基本前提を見失わせかねない空気が広がっているとすれば、問題である。いわゆるストレートな表現が、作者の生の声であるというのは錯覚である。いや、デリダが指摘したように、「声」を特権化して真実とみなすこと自体が錯覚である。「人間」など、最初からどこにもいないのだ。
『令和の時代へ』,高島裕,この文章が掲載される頃には、令和の御代が始まっているはずである。筆者は今、平成最後の日々の中で、この文章を書き始めている。もちろん、元号によって時間を区切ることは人為的な決め事に過ぎず、しかも日本の中だけでしか通用しない。元号の使用によって、人々の生きる時間が、「日本」という幻想共同体へとゆるやかに統合される。それは、形式的には、天皇による時空の支配という理念を保持し、継承するものである。今回の改元にあたって、典拠をこれまでのような漢籍ではなく、初めて日本の古典に求めたことが強調された。だが、そもそも元号という制度自体が古代中華帝国を模倣したものであり、自国の古典から引用することに何かオリジナリティーがあるかのように思うのは、馬鹿げたことである。さらにいえば、「令和」の典拠とされた万葉集の梅花の宴は、大宰府という外国への窓口で、唐の文芸文化への強い憧れのもとに催されたものである。品田悦一らによる批判的研究が積み上げられているにもかかわらず、首相の口から、相も変わらず「天皇から庶民まで」という、万葉集に対する誤った見方が繰り返され、またしても、国民統合の幻想的な拠り所として、万葉集が機能させられることとなった。しかし、これら一切のことを分かった上でなお、あの日の昼前に、社用車のカーラジオから「新元号は『れいわ』。命令の『令』と平和の『和』です」と聞こえてきたときの、にわかに胸が澄み渡ってゆくような感覚に、筆者は抗うことができない。和歌文学を継承するこの伝統詩型に携わるということは、窮極、この抗えなさに向き合い、悩み続けることであろう。「令」と「和」の結びつきは意外であり、それでいて説得力がある。つまり詩性が豊かである。「令」は「気高くうるわしい」くらいの意味だが、「命令」「法令」というより日常的な用法や、同音の「冷」とのイメージ連合などから、クールに引き締まった印象を醸し出す。この「令」と「和」が結びつくことで、「平和」という理念に対する新しい解釈が提示されている。平和とは、ただのんびりと安楽に過ごすことではない。そこには、使命を帯びて緊張した精神の美しい姿がなければならない…。こうして見てくると、新元号には、制度としてだけでなく、漢字の詩的イメージ喚起力そのものによって人々の深層意識に働きかけ、統治に役立てようという政治的意図がこめられていることがわかる。もちろん、人々の安寧秩序が維持されるためには、何らかの統治が必要であり、統治のために、人々の心持ちを一定の方向に誘導しようとすることは、必ずしも悪ではない。だが、ここでわたしたちがしっかり認識しておくべきことは、詩は、このようにして権力と結びつくものだということであり、そして短歌詩型は、国家統治において人々の帰属意識の発揚が求められるとき、いつでも召喚される文化装置であるということだ。新元号は和歌そのものではないが、わたしたちになじみ深い、万葉集の梅花の宴における詠歌の序文から引用されたことを、重く受け止めるべきである。幻想の次元でのお祭り騒ぎは、国家社会の実質に根差す危機には、いささかも触れることはない。二度目の東京オリンピックは、国家衰亡の序曲となるだろう。「令和」が最後の元号となる予感に胸ときめかせながら、虚空に向けて歌い続けよう。
『もっと本質論を』,高島裕,江田浩司は現在、「短歌往来」の「評論月評」のコーナーを執筆しているが、昨年十二月号の文章に注目した。江田はその中でまず「歌壇ジャーナリズムや短歌創作者によって、光が当てられるべき評論集や論考は数多くある。将来の短歌のためにも財産となるそれらの評論集や論考を、正当に評価するべき態度なくして、短歌批評の貧窮を言挙げするのは本末転倒に等しい。」と述べ、暗に、重要な仕事でありながら「歌壇ジャーナリズムや短歌創作者によって」見過ごされている評論が多く存在することを指摘している。では、それはどのような評論か。江田が最初に挙げているのは、天草季紅が同人誌「さて、」に連載している「時調(シジョ)」に関わる論考である。江田が注目するのは、天草が、短歌や日本の歌人と、朝鮮の伝統定型詩である時調との関わりを掘り起こし、そこに意味を見出そうとしている点である。日本の伝統詩型である短歌に携っているわたしたちは、隣国朝鮮の伝統詩型について何も知らないし、知ろうともしていない。歴史的な関わりから漢詩には一定の関心を持つ（しかしそれも現代中国詩ではない）が、同じアルタイ語族である朝鮮語の伝統定型詩についてまるで無関心であるのは、極めて異常なことと思わねばならない。ここには、グローバルグローバルと言いながら、日本という箱庭の中で世界が完結していると思い込みたがる日本人の、また短歌創作者の、深い病が露出している。だが、わたしたちが、時調をはじめ、外国語の詩歌についてよく知らないのには、別の、より本質的な理由もある。それは、およそ詩歌というものが、言語の固有の物質性において開示されるものであるため、翻訳が不可能であるということである。詩歌は、日本語、朝鮮語、英語といったそれぞれの言語の、固有の質感において読み味わうものである。だから、ＴＡＮＫＡなどと称して、音韻構造を異にする外語でそれらしい短詩を作ったのを短歌の国際化などと言っているのは、およそ詩歌というものの本質を見誤っていると評さざるを得ない。わたしたちにとって真の国際化とは、言語の壁を越えて、外国の詩歌、外国の伝統詩を直接に読み、またその担い手たちと交わることであろう。詩歌は翻訳不可能であるがゆえに、ナショナリズム、パトリオティズムの源泉となりうる。短歌がかけがえない価値をもつものだという矜持を保ちつつ、わたしたちにとっての短歌に相当するかけがえなさを、世界のあらゆる言語が詩歌の形で持っているであろうと想像することは、極めて重要である。目の前の技術論は必要だし、時代に見合った主題論、口語と文語、「私」性などなど、短歌の世界には多くの論点があり、日々議論されている。けれどもその一方で、そもそも詩歌とは何か、言語とはどういうものか、そして言語のさまざまな働きの中で、詩歌はどういう働き方をするものなのか、日本語はどういう言語か、短詩型文学は日本語のどういう特質と結びつくものなのか、といった本質論が語られることは少ない。本質論を軽視し、一文芸ジャンルの狭小な視界に入ってくるものだけしか見ようとしないならば、短歌は独善と内輪ウケに終始して先細りしてゆくほかないだろう。江田は天草の後に岡部隆志のアジア歌垣論、藤井貞和の文法体系構築を取り上げ、世界に開かれた広い視野と、本質論の必要性を示唆している。江田は、短歌に携りつつ、本質論への志向を保ち続けている、数少ない書き手の一人である。
『「国詩」の危機』,高島裕,近年、短歌の世界で、ジェンダーをめぐる議論が盛んである。この最も普遍的なテーマは、発言主体そのものの根っこを規定するものであるため、どのように語っても足元をすくわれてしまいそうな、独特の難しさがある。さらに近年は、男と女の二項対立を取り払った多様性において性を捉えるべきだとの問題意識が広がりを見せており、議論の提出の仕方、進め方には、きめ細かい気配りが求められる。だが、最近の短歌の世界において問題となっているのは、それほど複雑なことではないように見える。それは、短歌人口の男女比に照らして、短歌史で重要な位置を占める歌人や、短歌史の形成に影響ある評論の書き手などが、男性に偏っているのではないか、そのため、女性歌人とその作品が正当に評価されないまま埋もれてしまっているのではないか、という問題提起に尽きるだろう。そしてそれは、国会議員や会社役員に占める女性の比率を高めるべきだという社会的テーマと連動するものである。しかし、文芸には文芸固有の位相があり、社会的政治的テーマを無媒介に文芸の世界に持ち込むことは、無意味かつ有害である。この問題提起に関して言えば、女性歌人やその作品が正当に評価されているかどうかは、女性の社会的地位の如何とは本質的な関わりを持たない。ここで思い出すのは、王朝期の文芸である。和歌をはじめとする王朝期の文芸は、日本の文芸史・精神史において特別な位置を占めている。日本の文芸および精神文化が、中国のそれと明確に区別される独自の質を獲得したのが、この時期であるからだ。そしてこの、日本文芸史における最も重要な時期に中心的な役割を果たしたのは、ことごとく女性の書き手たちである。この時期、女性の社会的地位は低く、紫式部・清少納言・和泉式部といった偉大な書き手たちの、本名さえ伝わっていないことは、よく知られている。だが、この社会的地位の低さが、かえって彼女たちを文芸史の主役の座に押し上げることになった。公的に価値あるものと認められた漢詩文をもっぱら男たちが担い、かな文学という「サブカルチャー」が、女たちの手に委ねられたからだ。かな文字が日本語の表現において占める決定的な重要性については、ここで述べるまでもない。問題は、「サブカルチャー」であった和歌文学を継承する近現代短歌が、かつての漢詩文のような役割を担っているところにある。明治以降、西欧由来の国民国家の理念のもとに社会体制が整えられる中で、この詩型は「日本固有の文化」として位置づけられ、国民統合のための文化装置として機能することになった。近代日本においては、和歌＝短歌こそが、公的に価値を認められた「ハイカルチャー」になってしまったのである。このことと、近現代の短歌史が男性中心に見えることとは、深く関係している。近代短歌を牽引したアララギの代表歌人の多くが男性であり、彼らが方法的に王朝期和歌を否定したことも当然であった。そして、迢空や保田與重郎がこの点を突いて、フェミニンなものの文化的価値を日本の文化的アイデンティティーとの関わりにおいて見直し、アララギ批判を展開したことは、今日改めて思い返されるべきだろう。現在、国民国家としての日本は、深いところで進行する腐食を直視しまいとして、虚しい自画自賛を繰り返している。ジェンダーをめぐる問題提起が指し示しているのは、「国詩」としての短歌の危機である。
『両陛下のお歌に思う』,高島裕,『短歌研究』一月号の特集「平成の大御歌と御歌」には大変驚いた。天皇制に対するイデオロギー的拒否感が強かった一昔前には、絶対に考えられなかった企画である。筆者はかねてより、折に触れて、「歌会始」など皇室と和歌との関わりに対する現代歌人の拒否反応に疑問を呈し、この伝統詩型が、祖国への心情や皇室との関わりの中で捉えられることの必然を主張してきた。それは、現代短歌においては少数者の考えであり、筆者の発言には、その都度批判が寄せられた。だから、今回の『短歌研究』の特集は、表紙のタイトルを見ただけで驚愕したのである。筆者が気付かないうちに、短歌と天皇制、短歌と愛国心との関わりをめぐる言説環境が大きく変容したのであろう。特集の内容は、とても充実したもので、あらためて教えられることが多かった。とくに、座談会「両陛下のお歌を鑑賞する」（今野寿美・寺井龍哉・芳賀徹〔比較文学者〕・園池公毅〔歌会始披講諸役〕）は、近代文芸の枠組みを超えて、和歌としての大きな歴史性の中でこの詩型を捉え返しており、大変示唆に富むものであった。この座談会で取り上げられた天皇皇后両陛下のお歌の中で、印象深かった作品をあげてみる。まずは、務め終へ歩み速めて帰るみち月の光は白く照らせり（題「月」・御製）夕やみのせまる田に入り稔りたる稲の根本に鎌をあてがふ（題「本」・御製）いまはとて島果ての崖踏みけりしをみなの足裏(あうら)思へばかなし（サイパン島・皇后陛下御歌）知らずしてわれも撃ちしや春闌(た)くるバーミアンの野にみ仏在(ま)さず（皇后陛下御歌）のような、近現代短歌として秀れた作品である。とくに皇后陛下のお歌二首は、世界人心の暗部と無惨を正面から見据えており、そのお立場を考えると、驚きを禁じ得ない。だが、さらに不可思議の感を強くするのは、次のような歌々から伝わってくる、清澄な気韻である。父母の愛(め)でましし花思ひつつ我(わぎ)妹(も)と那須の草原(くさはら)を行く（題「草」・御製）慰霊碑の先に広がる水俣の海青くして静かなりけり（題「静」・御製）天地(あめつち)にきざし来たれるものありて君が春野に立たす日近し（題「立」・皇后陛下御歌）ことなべて御身(おんみ)ひとつに負(お)ひ給ひうらら陽(び)のなか何(なに)思(おぼ)すらむ（うららか・皇后陛下御歌）ここにあるのは、巧拙を論い、新しさを競い合う近現代短歌のありようとは別次元のものだ。浜に寄せる穏やかな波が、それまでに寄せた無数の波の繰り返しであるように、これらのお歌は、太古より詠み継がれてきた「歌」そのものであるというほかない。そのことはまた、天皇・皇后の歌は、天皇・皇后の立場においてのみ詠まれうる／読まれうるものであることとも、関係している。ここにおいて、自立した個の自己表出としての近代文芸のありようは、滅却されている。わたしたちの携るこの詩型は、皇室の伝統と不可分な和歌としての集合性・永遠性と、ざらついた現実と格闘する個の表現＝近代文芸としてのありようとに分裂している。天皇制に対する幼いアレルギーが終息した今、アジア、そして世界を視野に収めた、広大な文明史的観点から、この詩型を捉え返してみるべきだろう。
『これ以上ニューウェーブを語らないために』,高島裕,去る六月に名古屋で開かれた「ニューウェーブ三十年」を記念したシンポジウムが議論を呼んでいる（「ニューウェーブ３０年」『ねむらない樹』vol.1所収。書肆侃侃房）。シンポジウムは、荻原裕幸・加藤治郎・西田政史・穂村弘の四人の討論によって進められ、ニューウェーブと呼ばれるムーブメントの起こりと展開、それに関わるそれぞれの思い、考えが当事者の立場から語り合われた。その中で強調されたのは、このムーブメントは、偶発的な成り行きと周囲の誤認から始まったものであり、予め何らかの構想があったわけではない、ということだった。問題は、会場の千葉聡から出された「ニューウェーブに女性歌人はいないのか」という質問に端を発する。司会の荻原は、この質問に対して「論じられていないのでいません。それで終わりです。」と、にべもなく否定し、流してしまった。それにも関わらず、後でまたこの質問内容に立ち返り、ニューウェーブのような集団性は短歌史的に言って男性のものであり、女性歌人は独りで立てるので、こういう文学運動は必要ないのだという主旨のことを述べている。この見解は、穂村と加藤も概ね共有しており、同様の主旨のことを述べている。さらに、最後に会場の東直子が、千葉の質問がにべもなく流されたことに疑問を呈し、林あまり、早坂類、干場しおりといった女性歌人が、なぜニューウェーブとの関わりで論じられないのかを問題提起した。これに対して、加藤治郎は、言われている女性歌人たちはニューウェーブの枠の中に閉じ込めるべきでなく、本人たちもニューウェーブと呼ばれたくなどないだろうとした上で、ニューウェーブは加藤・荻原・穂村・西田の四人だけだと明言した。穂村は、東の提起を受け容れるには、ニューウェーブの定義を歴史的に見直すことが必要だと述べ、また荻原は、ニューウェーブの認識にはまやかし感があるので、いろんな人を巻き込みたくないのだと答えた。こうして見てくると、冷静に距離を置いて語る西田以外の、加藤・荻原・穂村の三人にとって、「ニューウェーブ」という看板は、歴史的な自負であり栄光であると同時に、自己限定の指標でもあることがわかる。言われている女性歌人たちを「ニューウェーブ」という括りの中で論じることは、彼女たちの作品世界の豊かさを矮小化してしまうのではないか、という彼らの懸念は、理解できる。しかし、一般的にはニューウェーブは、東の言うように「時代のウェーブ、流れ、波の全体運動」として捉えられているから、その見地からすると、彼らの認識は、短歌史の果実を自分たち男四人だけで独占しようとしているように見えてしまう。だとするならば、この歴史認識上の問題を解決する方法はただひとつ、ニューウェーブの男性歌人も、東本人を含む同時代の尖鋭的な女性歌人も、ともに包摂するような、新たな短歌史的概念を創出することである。東ら、いつも隣にいた女性歌人さえ包摂できないのなら、「ニューウェーブ」という概念自体、たいしたものではないと考えるべきだ。私見では、ニューウェーブが、ある「原点」として繰り返し顧みられるのは、その時期の一群の尖鋭的な短歌表現（もちろん四人だけではない）が、それまでの風土の重みと、歴史的罪責意識を振り払ったからである。こうした精神史的観点から、新たな、より広汎な短歌史的概念が創出されることを望む。
『常民のまま歌を詠むには』,高島裕,大井学は『短歌』九月号に寄せた論考「『純粋読者』はどこにいる」の中で、「社会生活基本調査」の「趣味・娯楽の種類別行動者数」を集計したグラフを掲載している。それによると、「詩・和歌・俳句・小説などの創作」を行う人数は、調査の行われた二〇〇六年、二〇一六年の二度とも、十代・二十代までと、六十代後半以降は二十万人を超えるが、その間の年齢層では二十万人に至らず、落ち込んでいる。筆者のような生来夢見がちな人間は、こういう風に数字で現実を示されると、はっとさせられることがある。大井は書いている。学生時代のクラブ・部活動などで創作に携わっていたメンバーが、社会に出て忙しくなって、創作活動から離れていく。やがて退職し、子育てからも卒業して、再び創作の時間がもて、かつ意欲が湧いてくるという、実体験でもよく聞く話が、こういう数字にも表れているのかもしれません。「未来」を読み、またこの時評を読んでいる人のうち、少なからぬ部分が、仕事や子育てで忙しい年齢にあってなお、短歌の創作を続けている人々であろう。それは、大井の示した数字では、少数派にあたる。この人々は、社会や家庭において重い責任を担い、諸事に忙殺される中、様々な困難をおして、創作を続けているのである。困難は、大きく三つに分けられる。一つは時間をめぐる困難、二つ目は金銭をめぐる困難、そして最後に、体力に関する困難である。もちろんこの三つは、相互に絡み合っている。この年代の人は、朝から晩まで働き、夜帰宅してからは、家事・育児にかかりきりになる。家族との触れ合いも大切だ。創作やそのための読書、原稿執筆などの作業は、それが終わって家族が寝静まったのを確かめた後である。しかし、その頃には一日の疲れがどっと押し寄せてきて、机に突っ伏して寝てしまうかもしれない。そうなると、むしろ早起きして、未明の、まだ家族が起きてこないうちにこなす方がよいかもしれない。いずれにしても、睡眠時間を削り、命を削る営みであり、体力の問題とかかわってくる。あとは、スマートフォンの力を借りて、仕事や家事・育児の隙間の時間（移動時間・待ち時間など）を活用したり、単純作業をしている時に頭の中で歌作推敲にいそしんだりするくらいであろう。時間については、また別の問題もある。休日に歌会や批評会に出かけるということは、家庭の側から見ると、自分ひとりの道楽のために、家族で共に過ごす貴重な時間を犠牲にしているということになる。同様のことは、歌集の出版をめぐる金銭的問題についてもいえる。歌集一冊出すのに車一台分の費用がかかるとはよく言われるが、普通に考えて、そんなお金があるなら、家族のために車を買うべきであろう。もちろん、文学芸術に一生を捧げるため、家庭を持たず、仕事も創作の都合を中心に選ぶ、という生き方もあり、それはそれで否定されるべきではない。文学芸術における評価は、その創作者がどんな生活をしているかとはまったく無関係である。だが、常民としての生活過程・生活感情の中に身を置きつつ、葛藤を抱えながら創作を続けることには、かけがえのない意味があるように思える。文学芸術の創作と生活との葛藤は、各人それぞれが対処する問題で、こういう場で語る必要はないのかもしれない。だが、これ以上切実な問題はないのも事実である。『永井祐の韻律論に寄せて』高島裕永井祐は『短歌』九月号に、口語の韻文性をテーマに、「韻文性に関して」と題する文章を寄せている。その中で永井はまず、短歌において「韻律」の概念が、「命のリズムとか、世界の鼓動というか、そんな感じで」神秘化されがちなのを、軽く爽やかに皮肉ったあと、近年の口語歌二首を対比して、韻律について考察している。なんだあのカップル十五分もおる「あーん」じゃないよあとで真似しよ山川藍それは世界中のデッキチェアがたたまれてしまうほどのあかるさでした笹井宏之山川歌は、四句目と結句とのはじめと最後が「あ」「よ」という同じ音であり、これによって得られた軽やかなリズムが、「主体のそれなりに意地悪な視線にコミカルなノリを加えているとも言える」として、この歌の音韻要素を指摘している。それにもかかわらず、この歌は「韻文的」とは評価されにくく、むしろ「散文的」と言われそうだと推測する。それに対して笹井歌の方は、五句に分けることなく上から下まで一気に、散文のリズムで読み下すような作りになっているにもかかわらず、「散文的」とは言われず、むしろ「韻文的」と評される場合もありそうだと推測する。ここから永井は、次のように結論する。「韻文的」も「散文的」も実のところ、音韻要素によっては判定されていない（括弧内略）。それは内容で判断されている。経験的に言えば、どれほど地上的なものから離れているかによって、一首の「韻文性」は認められている場合が多いように思う。ここで永井が言っていることは、これまでさまざまに神秘化されてきた短歌の韻律というものを、あっさり地上に引き下ろしてしまったようで、小気味よくはある。だが、子細に見てゆくと、事は永井が考えるほど単純ではないことがわかる。永井は、先の笹井歌を散文のリズムで読む歌だと言っているが、この歌をよく読むと、一首の真ん中あたりまでは定型を無視して散文のように読ませるけれども、後半「ほどの」あたりで韻律を持ち直し、最後「あかるさでした」ときっちり七音で結んで、韻律的に定型感を確保している。たとえていえば、熟練した軽業師が、わざと失敗して転落するように見せて、最後で見事に着地したような雰囲気である。この歌が韻文的なのは、韻律におけるこうした特徴によるものであり、たんに意味内容の問題として片付けることはできない。一方の山川歌は、音数的には完全に定型を守っているが、歌の読ませどころが、一字空きを挟んで四句目から結句へ読み進んだときに感じる「落ち」のようなギャップであり、それは、韻文の本質である言葉そのものの力ではなく、物語のプロットに近いものである。この歌が散文的と評されうるのは、こうした作品そのものの構造によるものであって、たんに意味内容が地上的だからということではない。たしかに、短歌の韻律といえばすぐに生命とか鼓動とか言って神秘化するのは馬鹿げている。だが、短歌定型における韻律とは、実に精妙に機能するものであり、一首を意味内容と音韻要素とに真っ二つに割るような単純な論理で解けるものではない。そしてその精妙さは、長い年月を語り継がれ、書き継がれ、歌い継がれてきた日本語の歴史が育んだものである―というくらいのことは言えるのではないだろうか。
『まずは作品に向き合え』,高島裕,田中教子は、『短歌往来』の連載エッセイ「うたの小窓から」において、田中の考える「短歌の普遍性」（四月号）に照らして、若い世代の短歌作品のいくつかを取り上げ、批判している。田中は連載の初回（一月号）において、永井祐の、あの青い電車にもしもぶつかればはね飛ばされたりするんだろうなについて「『そうでしょうね』と頷くしかない」と冷笑し、雪舟えまの、ホットケーキ持たせて夫送りだすホットケーキは涙が拭けるを、「ナンセンスの感覚で詠まれている」と受け取った上で、下句の表現を「奇をてらったわざとらしさとしか感じられない」と切り捨てる。そして斉藤斎藤の、雨の県道あるいてゆけばなんでしょうぶちまけられてこれはのり弁を、「『さあ、新しい歌だ、驚け』と言われたようで興ざめする」と、こきおろしている。そうして最後に「定型に嵌めるということは、ただ珍しいことを言ったり、指おり数えれば良いというものではないだろう。…（中略）…定型にあった斬新な詩的口語体を創造することが、現代の最優先の課題である。」と結んでいる。批判はどれだけ厳しくてもよい。けれども田中はここで、取り上げた一首一首の作品の、どこがどう悪いのかを一言も指摘することなく、ただ冷笑し、「奇をてらったわざとらしさ」とか「『さあ、新しい歌だ、驚け』と言われたようで興ざめする」などと一方的な断定を投げつけている。これは批評ではなく、ただの悪口である。「ともかく私の理解を超える新しいものは認めない」と言っているに等しい。これらの作品は「ただ珍しいことを言ったり、指おり数えれば良いという」幼稚な意識で作られたもので、批評に値しない、ということだろうか。だが、たとえばここに引かれた雪舟えまの作品を見てみよう。地縁血縁から引き離され、ふたりぼっちで暮らす都市住みの夫婦。昭和の頃とは違って希望の見えない中で日々厳しい現実と向き合い、戦わねばならない。そうした夫婦像を想定してこの作品を読むならば、「ホットケーキは涙が拭ける」というフレーズは、傷みと温みを湛え、強い愛情を感じさせる。ホットケーキという素材の持つ、ほの温かく、甘く、柔らかい、ほっこりしたイメージが、この表現に必然性をもたらしている。この作品を「ナンセンスの感覚で詠まれている」とか「奇をてらったわざとらしさ」というふうにしか読めない田中の鑑賞眼は、節穴であるというほかない。連載二回目（二月号）以降において田中は、「短歌の５７５７７が、一つのものをまっすぐに詠むという基本の形」を「古来の定説」とし、この「定説」を基準に、斎藤茂吉の「たたかひは上海に起り居たりけり鳳仙花紅く散りゐたりけり」、寺山修司の「マッチ擦るつかのま海に霧ふかし身捨つるほどの祖国はありや」のような、評価の定まった「名歌」を引用して、一見腰折れ歌に見えて、「定説」を新たに解釈し直しているのだと称揚する。そしてそれと比較する形で、今日の若い作者の作品から批判しやすそうな歌を選んで引用し、一首がバラバラだとダメ出ししている。これは極めて安直かつアンフェアなやり方だ。若い世代は、先行世代に叩かれることによって鍛えられるものだ。しかし、幾許かの教養知識の上にあぐらをかき、まともに作品に向き合おうともしない者の悪口雑言に晒されねばならぬいわれはない。
『三島由紀夫になれないのなら』,高島裕,生物学者の本川達雄によれば、生物としての人間の本来の寿命は四十歳程度であるという。本川説では、どんな動物も心臓が十五億回打つと死ぬそうで、人間の場合は十五億回打つと四一歳になるので、そのあたりが本来の寿命だということだ。（『生物学的文明論』）これは、数え年四二歳の男の厄年とほぼ正確に一致する。そして、肉体的にだけいえば、人間は十代後半で生殖可能となるので、自分の子がその子を生むのを見届け、子育てをサポートし終えたくらいで死ぬこととなり、生物として実に合理的なサイクルだといえる。この説は、齢知命に達した筆者の実感からしても、納得できる。厄年前後から身体に老いの兆候が現れ出したこともさることながら、その頃から、来し方の人生を振り返って「長い」と感じるようになり、同時に未来に向かってわくわくする感じがなくなった。つまり、時間的にだけいえば、「もう十分生きた」と感じるようになったのである。老いを嫌った三島由紀夫が四五歳で自決したのも、こうした生物学的な摂理との関わりにおいて捉えられるかも知れない。本川が言うように、自然界では、老いて身体能力の衰えた個体は、たちまち食い殺されてしまう。五十歳にもなった私たちは、自然界においては生存を許されていない存在である。私たちはもっぱら、医療や生活環境に関わる科学技術の力で生命を維持している、本川の言う「人工生命体」なのである。三島は美的に、自分がそういう存在になって生き延びることを拒否したのではないだろうか。さて、三島ならざる私たちは、たとえ醜かろうと、この人工生命体を抱えて、今しばらく生きてゆかねばならない。その際、おのれの価値判断の根拠に「自然」を置くことは、自己欺瞞であることを弁えなくてはならない。ここで想起するのが、『短歌研究』一月号巻頭に掲載された、岡井隆の「消化管出血を疑はれし後即事」一連三十首である。翼燃えて近づく鳥だ夕日さす原だからちよつと行き過ぎにくい昨日午後主治医の告げし診断が王権(わうけん)のやうにわれを支配すそれはまだ確実でない診断だしかし黄(き)鳥(てう)は飛び交ひ止まぬ身体生命に関わる切迫した状況が、「鳥」「王権」といった、禍々しくも豊饒な喩語を得て、圧倒的な詩的達成をもたらしている。歌人としての業の深さに、戦慄を禁じ得ない。だが、筆者がここで注目したいのは、こうした状況の中で、岡井は決して空を仰いだりしない、ということだ。こういう場合に普通そうするような、自然の風景に嘆きの心を委ねたり、遠い思い出を呼び出して感傷に浸ったりということは、この一連の中に微塵も見られない。その代わりに詠まれているのは、「胃カメラ」「エコオ機」といった、医療機器・医療技術と、それに関わるイメージの豊かな展開とである。ルネサンス時代の音を連れながらエコオ機はゆくわが腹壁(ふくへき)をそして、筆者が最も心に残ったのは、次の一首である。新しき年に向かひて歩むなか翼あかき鳥に逢へればよいが「鳥」の喩の詩的豊饒を湛えつつ、「生きたい」という最もシンプルな希求が、何の衒いもなく提示されている。こうした岡井の姿勢の中に、三島由紀夫になれない私たちが、欺瞞なく老いに向き合い、詩に向き合うためのヒントがあるように思う。
『穂村弘における〈時間〉』,高島裕,体温計くわえて窓に額つけ「ゆひら」とさわぐ雪のことかよ穂村弘『シンジケート』花水木の道があれより長くても短くても愛を告げられなかった吉川宏志『青蝉』今から四半世紀ほど前に詠まれた高名な二首である。いずれも、それまで掬い取られてこなかった新たなリアリティーを鮮やかに切り拓いている。一方、この二首は、当時気鋭の新人であった穂村と吉川との資質の違いを鮮明に示してもいる。吉川歌は「花水木の道」の空間的長さを時間的な長さへと転換することで、それを人生の時間的継続性の喩として機能させている。こうした方法は、短歌表現を作者の実人生にひったりと重ねる、近代短歌以来の伝統に、スムーズに接続しうるものだ。他方穂村歌の方は、口に物をくわえたまま喋ろうとする時の発音の歪みに反応しているが、そういうところに反応する幼児的感受性は、人生の時間的継続による主体の成熟を、最初から拒絶しているといっていい。それはまた、近代短歌以来の伝統からの方法的切断をも意味する。穂村が今度十七年ぶりの新歌集として刊行した『水中翼船炎上中』は、時間の契機が導入されている点で、これまでの穂村の歌集とは大きく異なっている。歌集に封入された「メモ」の中で、穂村は歌集の各章に「現在」「子供時代」「思春期へのカウントダウン」「二十一世紀初頭のパラサイトシングル像」「母の死」等、時間的なテーマを割り振り、「見取り図」として読者に提示している。しかしそこに穂村の「転向」を見ようとするのは早計である。水筒の蓋の磁石がくるくると回ってみんな菜の花になる『水中翼船炎上中』以下同母が落とした麦茶のなかの角砂糖溶けざるままに幾度めの夏こうした歌を「あったあった」と楽しむことはできるが、これら過去に取材した歌は、現在の時点において回想され、構成されたものであり、本当に過去の時点で詠まれた歌が連れてくる、ふわりとした昔の臭いはない。それどころか｢水筒の蓋の磁石｣も「麦茶のなかの角砂糖」も、どこかつやつやと新しい。それは穂村にとって、それらの記憶が少しも古びていないからだろう。ちちははが微笑みあってお互いをサランラップにくるみはじめるゆめのなかの母は若くてわたくしは炬燵のなかの火星探検一首目は「二十一世紀初頭のパラサイトシングル像」に、二首目は「母の死」にそれぞれ割り振られた章から引いた。いずれも幻想を詠んでいるが、パラサイトを引き延ばすために、老いてゆく両親をサランラップに包んで「保存」しようとしたり、母の死に際してなお、電気炬燵の赤い光の中の「火星探検」を夢見たりするのは、たとえ幻想であっても、いや、幻想ならなおさら、極めて異様であり、限りなく傷ましい。この異様さと傷ましさは、私たちの心に深く刺さってくる質を持つ。つやつやしたままの過去の記憶と、過去において想定された未来ではない、先の見通せない現実を生きていることとの落差の中に、私たちの悲しみと寂しさが浮き彫りにされている。穂村にとって〈時間〉は、〈私〉の同一性と継続性を意味しない。それは〈現実〉を照らし出す、キラキラした無人の遊園地であり、煌々たる廃墟の光である。そして実作者としての穂村はこれからも、頑固に成熟を拒否し続けるだろう。
『たかがその程度の日本のために』,高島裕,『短歌研究』六月号の特集「坂井修一VS.斉藤斎藤対論と競作『現代社会と短歌』」は、その長大な分量を一気に読ませてしまう、濃密で衝撃的な内容であった。二部にわたって展開される、坂井修一と斉藤斎藤との対論では、巨大なＩＴ企業による寡占支配と、そのもとでの絶望的な格差、人工知能の進化による〈人間〉の領域の侵食、といった今まさに進行している危機をまざまざと浮き彫りにしつつ、わたしたちが空気のように依拠してきた短歌のシステムが、この先は成り立たないことを宣告する。その上で、合理性では測れないような、人間のどうしようもなさやわけのわからなさを、文学芸術の本質論と重ねつつ、そこにぎりぎりの希望を見出そうとする姿勢に、深い共感を覚えた。坂井と斉藤の対論では、世界人類の位相において生起している科学技術や社会経済の問題と、短歌の方法論や結社・総合誌・歌会などをめぐる問題とが直接にリンクされ、議論されている。短歌もまた、詩歌の営みとして、本質的には世界普遍性を有するのだから、こうした大きな視野からの議論が必要なのはいうまでもない。ただ、坂井と斉藤とが語り残した問題があるとすれば、それは、「短歌の世界」と「世界人類」との間に横たわる「日本・日本語」という位相にかかわる危機であろう。対論の中で、坂井が「ウォール街の論理」と呼んでいるものと関わると思うが、現状の世界において支配的な、経済的効率と功利性とを最優先する価値観に従うならば、わたしたちが日本という国家を営み、日本語という複雑で面倒な言語を話していることは、端的に言って、無駄なことではなかろうか。平成の終わりに臨んで、政府は改元の準備を進めているようだが、元号の使用によって「日本」の時空に結界を施し続けることは、グローバルな社会経済の中にあってはなはだ不便であり、不合理である。従来の左翼的文脈においてではなく、ネオリベ・グローバリズムからの元号不要論がなぜ提出されないのか、不思議である。元号についていえることは、日本語についてもいえる。効率と功利性を最優先するならば、政府が進めている英語教育の早期化は過渡的な施策に過ぎず、ゆくゆくは、公用語を日本語から英語に切り替えるべきである。日本出身のグローバル企業のいくつかが、社内における英語使用を実践しているが、それを国家規模で行えばよい。英語教育の早期化などと言わず、生まれたときから英語で育てればよいではないか。普段の生活で使っている言語がそのまま世界で通用することの利便性は、計り知れない。そうすることによって、わたしたちは一体何を失うというのか？日本語でしか表現できない微妙なニュアンス、感情の機微、優しさ、懐かしさ、祖先から引き継いできた日本の心、文化、伝統…。たかがその程度のもののために、目前の圧倒的な利便性を諦めるのは、愚かである。そんな無茶な、と思われるだろうか。だが、戦後わたしたちは、郷愁を振り捨てて、ひたすら物の豊かさと利便性を追求してきたではないか。日本語の放棄は、その延長上に、ごく自然に想定される未来である。国民国家日本の公用語として、均一に通用することを保障された近代日本語の終焉は、近代文芸としての短歌を確実に終わらせることになる。そういう未来を望まないわたしたちは、こう言い張るべきなのだ。「日本そのものが、詩なのだ。たかがその程度の日本は、それゆえにこそ、かけがえのない一個の詩なのだ」と。
抵抗の拠点』,高島裕,この四月に、財務次官がセクハラ騒動で辞任した。テレビ局の女性記者と一対一で会食した際に、次官のものとされる性的な発言が密かに録音されていて、その音声が、週刊誌を通じて公開されたのである。その「性的な発言」の音声が、メディアで繰り返し流され、次官本人の否定と、「双方の言い分を聞くべき」との麻生財務大臣の意向にもかかわらず、「セクハラは許せない」「公開された音声だけでセクハラ確定」「被害者に名乗り出ろというのは酷い」という声に押されて、財務省はセクハラを認定、謝罪した。報道は、次官本人と財務省を断罪し、麻生大臣の責任と不見識を言い立てるばかりで、テレビ局側が、かねてから嫌がっていたという女性記者をあえて次官の取材に差し向けた理由や、取材元である次官に無断で録音した音源を、他社に持ち込んで公開させたことの職業倫理上の是非を問う声はかき消されてしまった。「セクハラは許せない」という、誰にも反対できないお題目の前に、すべての疑問が封殺された形だ。こんな粗雑な手法が、ジェンダーとセクシュアリティをめぐるさまざまなコンフリクトを風通しの良い方向へ導きうるとは到底思えない。この件で、とりわけ筆者が気になったのは、会話の一部分のみを、しかも一方の側の音声のみを切り取り、そこで確認できる発言内容をもって「セクハラである」と断定、断罪してしまったことだ。ここに露呈しているのは、言語観の貧しさである。生きた会話の中で出てきた言葉を、一切の文脈抜きで一義的に意味づけ、「セクハラ」の定義に照合するという手続きの過程では、言葉そのものが孕む多義性や、生きた会話がもたらすさまざまなニュアンス、当事者同士のこれまでの関わり合いや双方の性格などから生まれる雰囲気や文脈といった、言葉と、言葉をめぐる環境との重層性が、すべて切り捨てられてしまう。誰も反対できない正義の名において、生きた言葉が殺されてゆく。ここで思い出すのは、およそ十五年前に上梓された矢部雅之の歌集『友達ニ出会フノハ良イ事』である。報道カメラマンとして、紛争やまぬアフガニスタンに赴いて詠まれた歌などを収めるが、ここでは「ネタ薄のローカルニュースの埋め草にすぎ」ない、デスクが「つまんない事故」と言い放った死亡事故を取材した際の、その名も「事故」という連作から引く。めしどきのニュースぢや放送(オンエア)できんな…と思へども撮る血まみれの髪居眠りが原因といふ保冷車の折れまがりたるいはきナンバー泥まみれの冷凍カツヲ口をあけ残骸の傍らに転がるはづれ飛びしホイールキャップになぎ倒され濃く匂ひたつ葱畑の葱ガラスなき窓より夜風ふきこめば抜かれざるままキーは揺れをりひび割れたるセーラームーンの手鏡が後部座席で映す暗闇星一つなき空の下誰一人記憶にとどめぬ事故を撮り終ふここに生々しく立ち上がる〈事故〉の感触は、一義化された報道言語によっては決して伝わらないものだ。泥まみれの冷凍カツオや葱畑の葱の匂いやひび割れたセーラームーンの手鏡を呼び起こす想像力を可能にする限り、この詩型は、一義的言語によるわかりやすい物語を生産し消費させてゆく巨大な力への、ささやかな、しかし強靭な抵抗の拠点であり続けるだろう。
『桜咲く頃に』,高島裕,この文章を書いている今、世間は桜の開花や花見の話題でもちきりである。毎年繰り返されることだが、寒い冬を乗り切って春の訪れを喜ぶ気持ちと、年度替りの卒業や異動による別れの切なさとが交錯する中で、人生そのものの比喩として、人々は桜を仰ぐ。日本の精神文化において桜は他の花とは違った特異な位置を占めており、それが和歌文学の歴史と深く関わっていることは周知の通りである。二〇一四年に刊行された水原紫苑『桜は本当に美しいのか』（平凡社新書）は、歌人自身による、桜文化の相対化の試みとして注目される。水原は「私たちには、桜を、長い長い人間の欲望の呪縛から、解放すべき時が来てはいないだろうか。（中略）桜に肩代わりさせた私たちの本当の望みを、見つめる時が今ではないだろうか。」（まえがき）と問題提起して本文に入る。ところが、この本をどれだけ読み進めても、桜文化の生成過程を暴き、その文化装置としての政治性を鋭く照射するような議論に出会うことはない。それどころか、記紀万葉に始まり、古今、王朝、新古今と、桜に寄せた古典文学を語る水原の筆は熱を帯び、とくに西行や定家の和歌を読み解くくだりは読み応えがある。「西行は、単独の『自己』として、超越的な花の『実存』に出会っている。／人目にふれることもない、吉野山の木々の花は、それぞれに、西行の前に存在を開示し、声を聞かせ、涙を誘い、西行の『心』を虚空にいざなってゆく。」といった、深い読み込みである。これでは読者は、桜文化を相対化するどころか、ますます桜文化の豊かさに魅惑されるだろう。たしかに、古今集仮名序における貫之の政治的思惑を詳しく分析して、「大事なのは、絶対的な王権による美の宇宙の創造ないしは構築であり、それによって、人間の意識あるいは無意識までも支配するシステムを成立させることである。」と結論づけ、その王権の文化システムの中心に据えられたのが桜であったことを指摘してはいる。だが、それも、戦後的な抽象的自由に寄った言い方に過ぎず、別の立場から見れば、人の意識あるいは無意識までも洗練するような、豊かな民族文化の創造を成し遂げた、ということにもなる。そもそも、この本の中で古典和歌から能、歌舞伎に至る桜絡みの文学史を辿る中で、人の運命の深淵に思いを馳せている水原が、薄っぺらな抽象的自由などを本気で信じているはずがない。では、この本を通じて、水原が本当に言いたかったことは何なのか。水原の筆が厳しくなるのは、近世から近代にかけて、桜の表象が、共同体のための自己犠牲を美化するように機能することに対してである。たとえば、宣長の高名な「敷島の大和心を人問はば朝日に匂ふ山桜花」の一首を、「これ見よがしな、いやな歌である。」と酷評し、この歌から、最初の特攻隊が「敷島隊」「大和隊」「朝日隊」「山桜隊」と命名されたことに、「憤怒」を表明している。筆者は、水原のこの「憤怒」を共有しない。けれども、この絶望的な陰鬱に塗り込められた桜の表象は、二度と繰り返されるべきでない、とは思う。ここにあるのは、新古今の美学とも、この本の最後に取り上げられている、近年の「桜ソング」の優しさとも異質なものだ。それは、近代によって失われたものを、近代への囚われを自覚しないまま取り戻そうとしたときに立ち現れてしまう、悲劇的な何かである。現在、この悲劇を「二度目の茶番」として演じようとしている者たちは、西行や定家の何をも理解しないであろう。
『子規は言語をどう変えたか』,高島裕,角川『短歌』昨年十月号の特集は「和歌革新運動」であった。「正岡子規生誕百五十年」とのことだが、没後ではなく、生誕から百五十年しか経っていないという事実に、軽い眩暈を覚えた。近代短歌の始祖として、短歌史のはるか淵源に屹立するあの子規が、もしも長寿であったら筆者が生まれた後も存命だったかもしれないほど「近い」人だったことに、改めて驚いたことであった。さて、その子規について、大辻隆弘は「調(しらべ)から韻律へ―子規におけるリアリズム的言語観の成立―」と題する評論を、本特集に寄せている。その中で大辻はまず「子規の和歌改革の本質はリアリズムの基盤となる新たな言語を創出することだった」と規定する。そして、韻律の側面から、この言語創出を跡づけようと試みる。大辻は、子規と左千夫との論争を取り上げ、左千夫が尊重した和歌の「調(しらべ)」というものを「統辞の技術によって生まれる一首全体の玄妙な雰囲気」と定義した上で、これを子規以前の和歌における主要な価値観と位置づける。それに対して子規は、「『調』という曖昧な概念から、意味に関わる部分を削ぎ落とし」、「『調』を物理学的音声として規定しなおした」とする。そしてこの「物理学的音声」の形式が、今日私たちが用いている「韻律」の概念であり、このようにして子規は、「意味」と「韻律」を区別したのだとする。さらに子規は「ことばの意味性と韻律とを区別したうえで、ひそかに意味性の方に優位性を与え」たのだとし、こうして「歌の意味内容をより引き立てるために韻律を利用する」ような、今日の作歌法が可能になったのだ、とまとめる。まず気になるのは、「物理学的音声」という言葉である。人間が言語実践において発する音声は、物理的音響とは別のものである。たとえば、「あ」という音声を、大きな声で叫んでも、小さな声で囁いても、高い声で言っても、低い声で言っても、同じ「あ」音として識別できるのは、音声が物理的な音響としてではなく、示差的な記号として認知されているからだ。自身の言語観として言っているわけではないにしても、「物理学的音声」などという誤った概念を不用意に頻用することは、議論の質にかかわる。さらに、子規は短歌における意味と韻律とをはっきり区別し、そのうえで意味の方に優位を与え、韻律を意味に奉仕させるような作歌法を可能にしたという。言語（音声言語）において、意味と音声とは表裏一体で切り離すことなどできないという本質論は措くとしても、もし子規が韻律を意味に奉仕させようとしたのだとすれば、五句三十一音という古来の形式そのものを廃棄したであろう。現に新体詩（日本語による非定型詩）はそうした。そうはしないで、短歌や俳句といった、音数律にもとづく古来の定型詩を、近代のリアリティーに引き合わせたことに子規の「言語改革」の要諦があるとすれば、それは、「意味と韻律とを区別して、意味に優位を置いた」というような、粗雑な図式で捉えることはできない。実際のところは、大辻自身が文中で触れている通り、従来一様に「なだらかな調」で詠まれていた和歌の韻律を多様化することで、近代の複雑な現実がもたらす多様なリアリティーを表現できるようにした、というのが妥当な評価であろう。そしてこの場合の韻律の多様化とは、主題（＝意味）の多様化と正確に相即するものであり、意味と韻律とを区別したとか、意味に優位を置いたとかいう議論は成り立たない。かくして私たちは、韻律という謎、定型という謎にふたたび引き戻されるのである。
『読者という当事者』,高島裕,少し前のことになるが、『短歌』昨年七月号掲載の山田航の歌壇時評「もはや抗えないもの」に注目した。この時評で山田は、『歌壇』昨年二月号掲載の目黒哲朗の連作「生きる力」を取り上げ、この連作が、実際に起きた傷害事件をもとに作られ、人が罪を犯すということについての真摯な問いかけがなされているにもかかわらず、それが文語旧かなで詠まれていることに違和感を表明している。文語旧かなで書かれた歌は、もはや今この時代のリアルを表現することができず、「言葉のコスプレ」として虚構化されるほかないというのだ。だから、虚構を詠む場合は許容されるが、現実、とくに当事者が存在するセンシティブな事件に取材するような場合には、ふざけているように見え、真摯さを減じてしまう、と主張する。「たとえるならば、アナウンサーがアニメキャラのコスプレをしてニュースを読んでいるようなものに見えた」と言う。だが、少なくとも私は、目黒の連作を読んで、山田が言うような違和感は全く感じなかった。文語旧かなが「言葉のコスプレ」であることには半ば同意するが、「アナウンサーがアニメキャラのコスプレをしてニュースを読む」ということが、今日、異常なことの喩えとして有効だろうか。たとえば、デーモン閣下はあの姿で、かなり深刻な事象についてもコメントしており、内村光良は、コントのキャラクターのまま、地震で損壊した熊本城を訪れている。「真摯であること」と「ふざけていること」とが明確に区別できなくなっていることこそが、現在のリアリティーなのではないだろうか。もちろん、目黒の連作はこうしたリアリティーを意識的に方法化したものではない。だが、「現実と虚構」という旧態然たる図式で批判することには同意できない。さらに、山田は目黒の作品を読んで「真に迫る作品」「作者にとっても心を強く揺さぶられた重大な経験であるというリアリティがよく伝わってきた」と言っている。その一方で文語旧かなであることを難じ、「現実に起こった事件と間違いなく実在するその当事者たちの存在から、目をそらしているようで無責任」「この事件の被害者や、あるいはネット上に心ない書き込みをした赤の他人の心を、一ミリでも揺らすことがこの文体で出来るだろうか…（中略）…メッセージの内容ではなく、現実に巻き込まれた事件を現実感のない言葉で表記している文体の方に、まず反感を持つのではないか」としている。一体何を言っているのか、と思う。思い違いをしてはならない。山田は、目黒の作品にとって、読者という当事者なのだ。読者として「作者にとっても心を強く揺さぶられた重大な経験であるというリアリティがよく伝わってきた」ならば、それで十分ではないか。そして、目黒の作品についての、外部からの無理解を危惧するならば、その無理解に対して「もはや抗えない」などと白旗をあげて屈服し、迎合するのではなく、文語文体と旧かな表記の詩的必然を堂々と主張し、全力で目黒の作品を擁護すべきではないのか。外部からの倫理的圧迫を怖れ、文体とリアリティーの問題にかこつけて自主規制を迫るような物言いはやめるがいい。文語旧かなは、「言葉のコスプレ」である一方、詩歌の本質としての言語の固有性（翻訳不可能性）に関わるものであると思える。その意味で、文語旧かなという歴史的表象は、本質的には、けして古くもなく、世界性に背を向けるものでもない。『賞を狙うということ』服部真里子二〇一七年度の短歌総合誌による連作を対象とした新人賞は、歌壇賞に大平千賀「利き手に触れる」・佐佐木頼綱「風に膨らむ地図」、短歌研究新人賞に小佐野彈「無垢な日本で」、角川短歌賞に睦月都「十七月の娘たち」という結果であった。結社内では、未来賞を工藤吉生「うしろまえ」、大西久美子「夏のにほひ」、蒼井杏「ゆるゆるフリル」が受賞している。「受賞のことば」で、「数々の賞に連作を応募してきました。そして落選してきました」と述べる工藤は、これが二十四回目の応募だという。私もまた、何度も新人賞に応募してきた。あなたの短歌はすばらしいと認めてもらいたかったからだ。そして何度も落選してきた。ずっと賞に固執して苦しんできた。賞に応募することは、自分の歌の価値判断を外部にゆだねることだ。自分の中に、「これがいい歌」という揺るぎない価値基準がある人に、賞は必要ない。人に認められようと認められまいと、自分の「いい歌」を作ればいいからだ。賞を狙うのは、普遍的な「いい歌」の基準が自分の外部にあると考え、それをある程度信頼する人だろう。賞を狙う＝外部の価値基準で評価されたいと欲望を持つことを、よろしくないと思う人は多い。個人的には、自分の価値基準と外部のそれが矛盾するとは限らないし、外部の価値基準に合わせようとトライすることで自分の歌が磨かれると思うので、ぜんぜん悪いとは思わないが、その欲望があると苦しいのは事実だ。外部の価値基準なんて実は存在すら不明だし、実在したとしても人や時代によって変わる。そんなものに、歌はいいとしてうっかり心を託してしまえば、振り回されて苦しくなるのは当然だ。自分の価値基準だけを信じて短歌を作っていけるなら、それが理想だとは思う。詩人の文月悠光は、講談社主催のアイドルオーディション「ミスiD」（個性的な女の子の活動を応援するオーディション）に詩人として出場した経験を、cakesのweb連載『臆病な詩人、街へ出る。』（二月に立東舎より書籍化）で次のように書いている。選考通過の電話を受けて、私は青ざめた。写真撮影？自己ＰＲ動画？美少女たちと比較されることになる。公開処刑だ、と身震いした。といっても、今からやれることは限られている。せめてもの心づもりとして私がやったことは、動画撮影に備えて朗読用の詩を書くことと、ダイエット。最終選考までの２ヶ月で５キロ近く痩せた。ダイエットをして、それをエッセイに書くのは、「私は容姿の評価を気にしている」という告白だ。「私は詩で勝負しているのだから、そんなの気にしない」とかっこつけることもできたのに、彼女はそうしなかった。容姿の価値基準で評価されたいという、どちらかといえばかっこ悪い欲望に、正々堂々と向き合う姿に心を動かされる。自分の価値基準だけを信じて短歌を作っていける強い人が、果たしてどれほどいるだろう。外部の基準で認められたいという欲望は、かっこ悪くてはずかしくて、できたら直視したくないものだ。しかし、外部の価値基準も、それに認められたいという欲望も、多くの人にとっては確かに存在する。存在する以上、どんな態度をとるにせよ、つきあっていくしかない。賞を狙わない人は立派だ。外部の価値基準に認められたいという欲望に負けず、自分の価値基準を信じて戦っているのだから。賞を狙う人は立派だ。外部の価値基準に認められたいという欲望に向き合い、かっこ悪さから逃げずに戦っているのだから。
『早稲田文学増刊女性号』,盛田志保子,昨年九月に刊行された「早稲田文学増刊女性号」が話題になり、十一月には雑誌としては異例の増刷が決定された。「女性」と「書く」ことの関係性をテーマに、女性の書き手ばかり八十二人を集めた文芸誌である。作家の川上未映子が責任編集を務め、企画、人選、依頼、校正、編集の全てを担い制作された。見た目はホールケーキのようだ。白を基調に、ピンク、深い緑、紫、水色……。表紙の中央には、横になって本を開く森の中の女性、すずらん、虫や動物などのイラストが描かれ、側面を見ると、表紙に使われていたそれらの色が、今度はきれいに層になっている。厚みは三センチ以上。紙の質感や色あいが一冊の中でいくつかの作品ごとに変わり、そのせいか、ぎっしり小さな文字で埋め尽くされた五百五十六ページの本は、買ったばかりのまっさらなレターパッドにも見えてきて、ページを繰りながら時々、「ああ、誰に何を書こう。」という思いに駆られた。いや、紙だけのせいではない。そこにある言葉は、そっと受け取れば深く届いて、わたしはまたそこから両手で掬えるほどのなにかを、だれかに手渡してみたくなるのだった。川上未映子による巻頭言の一節、それが本当のところはいったいなんであるのかがついぞわからない仕組みになっている一度きりの「生」や「死」とおなじように、まだ誰にも知られていない「女性」があるはず。まだ語られていない「女性」があるはず。という部分を読んだとき、頭に浮かんだのは母であり、今は亡き祖母であり、そのまた母であり、妹であり、同級生であり、近所のママ友であり……。石垣りんの「唱歌」、永瀬清子の詩「村にて」、ジーン・リースの小説「ジャズと呼ばせておけ」、樋口一葉「大つごもり」（川上未映子による現代語訳）など、時おり女の家族を思いながら読んだ。角川「短歌」十一月号の歌壇時評では、山田航が「女性号」をとりあげ、「大正生まれの安立スハルに、体系化されたフェミニズムの知識はなかっただろう。しかし人生経験の中で自然に得られた生き方の指針が、フェミニズムと限りなく接近したかたちになって歌から強くにじみ出ている。」と書いている。あらためて短歌ってそういうものだろうなと思う。生きることと歌うことが切っても切れない。だからこそ「強くにじみ出ている」のだ。それは、現実の人生を直に詠みこんでいく場合に限った話ではない。今回わたしは「女性号」のなかでも特に、雪舟えまの「俺たちフェアリーている（短歌版）七十七首」に感動した。短歌が持っている確かな、明るい、そして未知数の力を感じさせてくれたからだ。何首か引用しても魅力は伝わらないが、例えば……。『恐竜のひみつ』をめくり君はつぶや「恐竜にひみつなどない」風とばかり思っていたが俺たちは草原編み機を見ていたのかも雪舟えまは小説家でもあり、この連作には小説のなかの登場人物が登場する。歌人は彼らになりきっているわけでもなく、ト書きでもなく、脚本でもなく、短歌であるむしろ自然詠である。あれ、短歌ってこんなに自由だっけ。うれしいものだっけ。七十七首の紛れもない五七五七七。「塔」十一月号の短歌時評では花山周子女性に限らず、人は誰しもが、その場所でのマイノリティーとして生きている。」と書いている。本当にその通りだと思う。「早稲田文学女性号」、二〇一七年で一番新しくて懐かしい、大きな収穫であった。
『私の前衛短歌』,服部真里子,ほほゑみに肖てはるかなれ霜月の火事の中なるピアノ一臺塚本邦雄『感幻樂』短歌＝百人一首、と思っていた大学一年生の私は、早稲田短歌会の勉強会で出会ったこの一首にびっくりした。短歌ってこんな自由な、詩みたいなのでいいんだ、と思ったところから、私の前衛短歌は始まる。だから、永田和宏『私の前衛短歌』（砂子屋書房）にこんな一節が出てきたときもびっくりした。前衛短歌の功罪の功は非常に大きいけれど、ひとつ罪をあげるとすると、「あれはしてはいけない」、「これをしてはいけない」という禁止条項を非常に強調した面がある。私の目には「自由」に映った前衛短歌が、永田の目には「禁止条項を強調する」ものに映ったのか。当然ながら、前衛短歌の時代をリアルタイムで経験した永田と、塚本の死後に短歌を始めた私とでは、受容のしかたがかなり違う。二〇一七年十月二十二日の朝日新聞「短歌時評」では、大辻隆弘がこの本を紹介しつつ「前衛短歌は作中の『私』と現実の作者の区別を強調し日常生活を歌うことを禁じた」と自身の前衛短歌観を述べている。確かに前衛短歌は、発生においては「作中の『私』と現実の作者の区別を強調」することが最大の目的だったかもしれない。しかし現在、二〇〇六年に短歌を始めた私が前衛短歌を読むと、前景化してくるのはそこではない。では何かというと、「心のきらきら」である。ひどいネーミングで申し訳ないが他に思いつかなかった。くちなしの実煮る妹よ鏖殺ののちに来む世のはつなつのため塚本邦雄『水銀伝説』くちなしの実を煮ると、水は黄金色に染まる。透きとおった黄金は、煮殺されたくちなしの血の色だ。はつなつはかがやかしい季節だけれど、鏖殺ののちのそれは、新しい世を贖うために流されたおびただしい血のゆえに、ますます背徳的な黄金色にかがやくことだろう。イノセントなイメージを持つ「妹」が行うからこそ、この幻視の惨酷な美しさが際だつ。このような映像を思い浮かべると、私は心がきらきらする。この心のきらきらよりも、塚本に妹がいたか否かが重要だとは、今となってはどうしても思えないのである。日常生活を歌うことを禁じたというより、単に日常生活より心のきらきらの方に興味があっただけのような気がする。また、前衛的といわれる短歌が、必ずしも「作中の『私』と現実の作者の区別」をしているわけでもない。岡井隆は、短歌研究文庫の『塚本邦雄歌集』（短歌研究社）の解説で、「父」「ちちはは」という語を詠み込んだ塚本の歌を引き、塚本が父母を歌に読み込む時のこころは、単に歌のための素材としてだけであろうか、そんな筈はないのである。（中略）やはり、あり得たかも知れない親たちの姿を、意識下にしのばせていたとうけとれるのである。と書いているが、これと同じことが先に引いた歌の「妹」にも言えよう。年譜と歌が呼応することだけが、作中の「私」と現実の作者の一致ではないはずだ。塚本の歌には、塚本の心が何にきらきらして、何にしなかったのかが、はっきりと表れている。そこに塚塚本の顔を見ることはできないだろうか。前衛短歌は、歌から現実の作者を切り離したというより、作者の顔の反映のしかたをそれまでと変えたのではないか。『短歌の醍醐味』盛田志保子むかしなきむしかみさまがあさやけみてないてゆうやけみてないてで、はじまる「ドロップスのうた」という童謡がある。作詞はまどみちお。作曲は大中恩。このあと、なきむしかみさまの涙は、赤や黄色のドロップスになり、世界中にちらばって、今では子供や大人にぺろんぺろんとなめられています、という内容の歌詞である。私は昔から時々この歌のことを思い出しては、どういう意味なんだろうと考えてしまう。あさやけをみて赤い涙を、ゆうやけみて黄色い涙を、こぼすなきむしかみさま。その涙は見たものそのものの色だけを映しているということだろうか。静かな湖面が空の色を映すように。そしてもしかしたら、なきむしかみさまの涙は「言葉」ではないかと思ったりもする。しかも美しく、美味で、タダ同然で、大人にも子供にも愛され、どこでも無邪気にぺろぺろとなめてもらえる、それはまぎれもなく、「詩の言葉」なのではないかと。本当はもっと、実物のドロップスくらいすてきなものかもしれないけれど。短歌だって詩だ。しかし、あさやけを見て感動しあさやけの歌を作ろうとするとき、それはあさやけの色そのもの「だけ」にはなりえない。それを伝えようとするけれど、作者自身の成分が意識的にも無意識的にも、色合いや味わいとして混じってくるからだ。言葉である以上。なきむしかみさまは、なんといっても神様だから、あさやけいろの涙をこぼす。わたしたちは人間だから、そこまでまじりっけなしの涙をこぼすことはできない。たぶん完全完璧な写生であるかどうかという問題ではない。そのことは、どこかほの明るい残念さであり、どこか腹の底に力の入るような面白さでもある。角川「短歌」十月号、坂井修一と詩人のアーサー・ビナードとの対談がおもしろかった。ＡＩが短歌を作るようになるかという話で、坂井は新人賞の賞金狙いなどのような目標があるならば「その可能性はある」としつつ、「ただ我々は賞取るために歌を作っているわけじゃないですからね。賛否両論の怒号の中を楽しみ苦しみ生きていく、その苦悩や歓喜をバネとして表現していく、というところに醍醐味があるんじゃないですか。」と言っている。たしかに、うっかり忘れがちではあるが、目的なんてあるようでないのだ、わたしたちのやっていることには。それにも拘らず「賛否両論の怒号の中を」とは、いよいよ魅力的な話だと思う。実際、短歌を一人で作っている時はなんの痛みもない。だが、発表する、人の目にさらす、そういう中で思いもよらない「苦悩や歓喜」に見舞われる。たかが趣味、たかが遊びなのに、と割に合わない気がすることもあるが、よろよろになってもまた歌を作り人に見せてしまう。（たぶん）ゴールは（特に）ない。そういえば、冒頭の歌の二番はこうだ。むかしなきむしかみさまがかなしくてもないてうれしくてもないてドキッとする。なんでもかんでも泣くんじゃないか……。ああ、でもそうだった、このかみさまは「なきむしかみさま」だった。この神業がＡＩにも可能となる日が来るのかもしれないが、いかんせんこのなきむしかみさまにも最終目標はなさそうだから、わたしはのんきに構えてしまう。『天の川銀河発電所』実況中継服部真里子俳句を読んでみたい。短歌と同じ定型詩だし。でも、読み方がよくわからない。どんな作家がいるのかもわからない。そんなあなたにぴったりの俳句アンソロジーが出た。『天の川銀河発電所Bornafter1968現代俳句ガイドブック』（左右社、佐藤文香編著）である。『桜前線開架宣言Bornafter1970現代短歌日本代表』（山田航編著、二〇一五年）の俳句版で、一九六八年以降生まれの作家五四名の作品を、「おもしろい」「かっこいい」「かわいい」の三つの章立てで収録している。俳句を読み慣れない私でも楽しめたので、私流の読み方を紹介したい。例えば、鴇田智哉。うたごゑを口がうたへば孑孒も顔のあるところを秋の蚊に喰はる歌は口でしか歌えないのに、わざわざ「口がうたへば」と書いて、口を人から切り離す。蚊に喰われた箇所が、顔の中というより、世界全体の空間の中で把握される。人体のパーツが、持ち主を離れて勝手に動いているようで怖い感じがするけど、私ちゃんと俳句読めてる？この本がありがたいのは、今が旬と思われる一八名には、それぞれ佐藤ともう一人の俳句作家による「読み解き実況」対談がついているところ。そこで「読み解き実況」である。佐藤鴇田さんは以前インタビューで「それだけで生えている」ような句が書きたいと言っています。何かを見て写し取るんじゃなくて、何か自体であるような。だから句が命そのものであるようなところがある。それは句が妙であることともほぼイコールで、すごくおばけっぽい。（後略）上田（引用者注：上田信治）第一句集に〈葦枯れて車の中に人のゐる〉という句があって、別に変なことは起こってないんだけど、こう書くと、事件現場みたいじゃないですか。現実をある言い方で言うと、それが変容して不思議に見える、その不思議さこそ現実の手ざわりではないか、というふうに彼の初期の代表句は書かれていた。（後略）俳句作家の二人に、「おばけっぽい」「事件現場みたい」と言われているところをみると、私が感じたことは外れてもいなかったのか。なるほど、現実の不思議な手ざわりを、言い方で取り出して見せている句なんだ。「初期」ってことは、最近の句はまた違うのかな？それも読んでみたい。もちろん、詩歌の感じ方に正解も不正解もないのはわかっている。でも、詳しい人に基本路線を示してもらえると、自分がそれとどう違うか、あるいは同じなのかがわかって、自分なりの読み方もしやすくなると思いませんか。俳句に触れると、では、短歌にしかできないことは何なのだろうと考えてしまう。胸に森その一本に鵙来たる藤井あかり眼と心をひとすじつなぐ道があり夕鵙（ゆうもず）などもそこを通りぬ『てのひらを燃やす』大森静佳収録された俳句と、内容の近い短歌を並べてみた。俳句は、ただ一樹をめがけて、あやまたず飛んでくる鵙を、ぴたりと言い収める。短歌は字数が多い分、「身体の中へ鵙が来る」という内容以外に、「眼と心をつなぐ道がある」という前提を述べ、夕鵙以外のものが道を通る可能性を「も」で示唆する「語り口」が出てくる。単純な比較はできないが、そんなことを感じた。『天の川銀河発電所』、必読です。
『短歌の得意分野』,盛田志保子,総合誌を読んでいると、時々、大人の話にこっそり耳をすましている子供に戻ったような心境になる。昔、実家の居間には祖父の姉妹たちが集まって「お茶飲み」をしていた。なんの話をしていたのか。みんなきちんと坐って祖父を囲みお茶を飲んでいた。笑い声、沈黙、また笑い声。時々お小遣いをくれた。あの空気を思い出す。総合誌には必ず戦争の話がある。病気や介護の話がある。政治の話があり家族の話がありつまりは世間話がある。人間のことが人間によって語られ、答えもオチもなくただあふれている。「歌壇」七月号には、特集「介護の歌から見えてくる家族の姿」が組まれていて、ひとつひとつのエッセイを興味深く読んだ。介護の担い手、受け手、嫁という存在、家族のありかた……。問題は複雑で一筋縄ではいかないということだけがわかる。ただ、時々思わず笑ってしまう瞬間があった。「この人らぼけてはんねん」ケアハウスのある日の母の内緒の話萩岡良博という母を歌った自作短歌を受けて、萩岡の、「他人(ひと)のことはよくわかるのか。私も他人の歌をあれこれ言うことがあるが、自分の歌はわからないのと同じだな、と反省させられた。」というところなど。深い。わたしは以前から介護短歌が好きで、テレビ番組などもよく見てしまう。「思いを整えて三十一文字ちょうどにする」、「自分のために歌う」、そしてそのために必要な一滴の冷たさ、つまり客観性というようなことを思い出させる。時にユーモアともいえるかもしれない。歌を作るためにも生活のためにも参考になるのだ。ものを違う角度から見たり、自分を冷静に観察したり、驚いたり、短歌を作ることは「今ここ」の風向きを読み直す（変える）ヒントをくれる。そしてなぜ「子育て短歌」はブームになるほど流行らず（ないとは言わないが）、「介護短歌」はこんなに花盛りなのかということをよく考える。わたしには短歌という詩形が、介護を通じて死や老いというものとタッグを組み、楽し気に足取り軽く走っていくのが見える。子育ては、死とは遠く、未来しかない。そう願わない親はいない。もしかしたら歌人は、本能的にそこを嗅ぎ取るから、手放しに子育てを題材として選びづらいのかもしれない。もちろんすばらしい歌もある。一度、世間に大募集してみればいいのにとも思う。とはいえ、ふたを開けたら旦那さんへの愚痴川柳ばかり集まったりして。若いということは、そして「子育て」とは一歩引く余裕がないことでもある。伊藤一彦が角川「短歌」七月号の「特集もっとうまくなりたい人のための短歌再入門」の中で、歌作りに悩む人へ向けてこんなことを書いている。「高齢者の方であれば、同じ高齢者の自分を飾ろうとしていない率直な歌を読むと、自分の心の力みに気付かされ、もっと楽に歌に向かえばいいのだという気持ちになるはずです。」わたしはこの、「自分を飾ろうとしていない」というところにハッとした。やっぱり若いうちは難しいかも、と。そしてこのエッセイのタイトルは「心の中に宝物がある」なのだが、わたしはきっとこういう方向に行きたいのだと思う。うまくいえないけれど。そして将来、自分は介護短歌を作るだろうかと想像してみる。こればっかりはわからない。その時になってみないと。人間の最期について考えてみる。こればっかりはわからない。その時になってみないと。実家に集まっていた祖父たちはもうこの世にいない。なんの話をしていたのだろう。
『言葉を獲得する──現代における結社の機能』,服部真里子,ディズニーの映画「シュガー・ラッシュ」は、とあるアーケードゲームの悪役ラルフが、悪役の集会「BAD-ANON」に参加するところから始まる。悪役たちは輪になって座り、まずひとりが「おれは〇〇（名前）、悪役だ」と自己紹介をする。他のメンバーの「ハイ、○○」という応答を受け、彼は悪役としてのつらさを話しはじめる。あるいは、ジョナサン・ラーソン作のミュージカル「RENT」で、「LifeSupport」が歌われるシーン。メンバーの共通項を「悪役」から「HIV陽性」に代えただけで、「BAD-ANON」とほぼ同じことが行われる。明言されてはいないが、私はこれらを、当事者ミーティング（同じような立場や境遇にいる仲間同士で、それぞれが思うことを話しあう集まり）と呼ばれるものではないかと推測している。結社誌に自分の短歌を発表し、発表された他の人の短歌を読むのは、これに近い行為なのではないか。当事者ミーティングでは不思議な現象が起こる。話す人が「私」を主語にすればするほど、聞く人は自分の痛みが言語化されているように感じるのだ。共感とはまた違う。言葉にするなら、「他者の語る痛みの言葉によって、自分自身の痛みを語る言葉を獲得する」といったところだろうか。すると、痛みはなぜか少しやわらぐのだ。また、NABA（日本アノレキシア（拒食症）・ブリミア（過食症）協会）による摂食障害の当事者ミーティングは、「ミーティングを安心・安全な場にするために」、「言いっぱなし、聞きっぱなし」（他の人の話に口をはさんだり、批評・批判をしない）、「ミーティング内で話されたこと、見たことは外に持ち出さない」の二つのルールを設けている。（http://naba1987.web.fc2.com/index.html）（傍点筆者）。短歌の、作者と作中主体はイコールではないというおおよそのコンセンサスは、作者自身を批判・批評から守り、場を安心・安全にするためのルールとして機能していると言えないだろうか。手術すれば声を失くしてしまうけれどわたしは生きるぜったい生きる西田未保見えぬ人少し見える人連れ立ちて雛を見んとて中山法華経寺池田照子雛壇の五段目あたり靴を持ち怒り顔なる従者のいると同花の旅のチラシを見ればどこもどこも一緒に行きたし長く病む母篠田理恵検査後の母の空気はやわらかく庭の蜜柑は小鳥が食べた新原繭われの名は智子と言えば老い母は智子という名の娘(こ)がいたと言う村松智子半袖を着られず後悔した夜にカッターナイフを買ってしまう理宇消したいのは出前のにおいじゃなく私むせるほど撒く新ファブリーズ小川けいとひきこもり我は悩むそんな我太陽の光が我とかしそうで井上美恵（引用歌はすべて未来六月号より）「同じ痛み」なんて気安く言ってはいけない。けれど、「未来」を読んでいると、痛みはひとつひとつがその人だけのものでありながら、ひとつのものでもあり、「私」たちは痛みでつながっていると思う瞬間がある。他の人の歌を読むことが、自分の歌を詠むときの勉強になるのは、多くの人が経験で知っているだろう。私たちは、他の人の痛みの歌を読むことで、自分の痛みの歌い方を学習しているのではないか。現代において短歌結社は、メンバーが互いに言葉を獲得しあう場として機能しているのではないか。『女歌への入り口』盛田志保子わたしは今まで男性歌人だったのかもしれない。角川「短歌」の歌壇時評、瀬戸夏子による「死ね、オフィーリア、死ね」を改めて読み直しながらそう思った。「死ね」で始まるタイトルに驚く方も多いかもしれないが、驚きつつ読むうちに、最後はそこに隠された本当の意味がわかる。角川「短歌」にこの文章が掲載されたのは、今年の二月号から四月号に当たるのだが、インターネットなどでも話題になったこの歌壇時評を、わたしはすぐに取り上げることができなかった。なぜなら瀬戸は歌壇における「女性差別」について真正面から書いていたからだ。わたしは初めてこの文章を最後まで読んだとき、「よく書いたなあ！」と思わず声に出し、心から感嘆した。そして次に、自分はどうしたらいいかわからなかった。余計なことを言わないほうがいいよ、というささやき声が頭の中で聞こえたような気がした。そんなことがまた怖かった。ではなぜ今書くのかというと、総合誌を読むようになってから、時々驚くことがあるからだ。それは誰かの会話であったり、ある歌をめぐる解釈における男女の違いであったりした。それを単純に「おもしろい」と感じるときと、妙にひっかかり心の中でぶつくさ言うようなときとあって、そのことについて考えていると、おのずと瀬戸の時評のことが思い出されてくるのだった。瀬戸はまず、角川「短歌」二月号での文章の冒頭で、阿木津英の功績があきらかに過小評価されすぎていることをあげている。一九八〇年代前半の女歌論議のなかで阿木津が展開したフェミニズム批評的意識を歌壇は受け入れなかったと。「（略）女性は自分が何をつくっているのか自覚がない、方法意識がないなどという理由をもって棚上げされ、一方特別席に坐りそこねた多くの女性歌人たちは、個々の歌人としてではなく、（女性歌人）として括られる。」という阿木津の指摘は現在にも当てはまると瀬戸は言う。ところで私は思うのだが、よく言われるこの「女性は自分が何をつくっているのか自覚がない」というのは、本当に他人からわかることなのだろうか。謎である。また同じく四月号で瀬戸は、おもしろいことに、塚本邦雄のことを女性歌人(、、、、)だと発見している。「しかし『前衛短歌』という、強引に言ってしまえば、女性的な短歌の世界に君臨している、醒めた視点から世界を鳥瞰することのできる歌をつくることができる魔女とは、塚本邦雄その人のことであった。」と。もしこれだけを見て失礼だとかめちゃくちゃだとかいう人がいたら、一度黙ってこの時評を全部読んでほしいと思う。最後に、この三月、水原紫苑著『桜は本当に美しいのか』の改訂版が出版されたので、「独りうたう女たち」から引用して終わりたい。「（略）今までのところ、短歌の歴史は、ほとんど男たちによる歴史である。それは、世界中でも女の社会進出が遅れているこの国で、珍しい現象ではないのだが、歴史的にも短歌ほど女の才能に適しているジャンルはまれであるし、実際すぐれた女の歌人は世代ごとに見ても男よりはるかに多いのに、残念なことである。（略）女による女の歌の歴史が、語られていくべきだ。」そして別の項からも一文。「短歌は、日本の根源的な闇に直接繋がっている。」わたしはこれまで、塚本邦雄ほどヒリヒリもしていない、瀬戸夏子ほど深く考えようともしない、鈍感な男性歌人の一人であったと思う。（実際には棚上げでも）やっと「女歌」というものに興味がわいてきたところだ。
『枡野浩一のかんたん短歌』,服部真里子,"枡野浩一による短歌入門書『かんたん短歌の作り方』の中心となった連載「マスノ短歌教」が始まったのは一九九七年。マスノ短歌教が誕生してから、今年でちょうど二十年になる。これを期に、枡野浩一のかんたん短歌について考えてみたい。かんたん短歌とは、「簡単な言葉だけでつくられているのに、読むと思わず感嘆してしまうような短歌」（『かんたん短歌の作り方』）で、ルールは【ア、あくまで五七五七七で！】【イ、いつもの言葉づかいで！】【ウ、嘘をついてでも面白く！】の三つ。例として枡野の作品を引く。毎日のように手紙は来るけれどあなた以外の人からである枡野浩一かなしみはだれのものでもありがちでありふれていておもしろくないこんなにもふざけたきょうがある以上どんなあすでもありうるだろうかんたん短歌は必然的に、名詞より助辞に重きを置いた短歌になる。なぜなら、ルール【ア、あくまで五七五七七で！】を守ろうとすると、名詞は音数の調整が難しいため、どうしてもてにをはや語順が工夫のしどころになるからだ。名詞は、個々人の過去の経験によって、喚起されるイメージがかなりぶれる品詞である。「自分と同じ経験をしていない人にこの表現は通じるか？と、常に自問してください。」と説く枡野に従えば、自然と一首のなかで名詞の比重は減る（「比重」であって「個数」ではない。一首の醸し出すものが、どのくらい名詞に因っているかという意味）。枡野の短歌を読んでいて、漠然と「『私』の顔が見えにくい」と感じた。大辻隆弘は『近代短歌の範型』で、短歌における「私」を、次の三つのレベルに分けている。レベル①「私」…一首の背後に感じられる「私」（＝「視点の定点」「作中主体」）レベル②「私」…連作・歌集の背後に感じられる「私」（＝「私像」）レベル③「私」…現実の生を生きる生身の「私」（＝「作者」）私が「見えにくい」と感じた「私」とは、このうちどれにあたるのだろうか。先に引いた三首を読むと、レベル①の「私」は見える。二・三首目は、具体的な映像をむすぶのは難しいが、ぎりぎり「歌に書いてあることを考えている人」はいる。レベル③はテキストの外の「私」、つまり枡野浩一（の、「短歌以外のさまざまなデータや情報から作り上げられた虚像」）だからもちろん見える。つまり、主にレベル②の「私」が見えにくいということになる。その理由は、枡野が、短歌における名詞の比重を軽くしたからではないか。もっと言えば、名詞にかぎらず、枡野はあらゆる個人的な経験を、おそらく「自分と同じ経験をしていない人にこの表現は通じるか？と、常に自問」した結果、歌から遠ざけた。その「個人的な経験」こそが、レベル②の「私」を作り出すものだったのではないか。そして、かつてかんたん短歌が「これは短歌ではない」と言われたのは、レベル②の「私」が見えづらかったためではないか。ところで枡野は、レベル③の「私」について、次のように述べている。どんなに胸をうつ言葉であっても、その言葉を発した人がこれまで何をしてきたか、これから何をしていくか……ということをぬきにして、言葉だけを味わうことなんてできない。（『日本ゴロン』）枡野が、短歌の中でレベル②の「私」を弱めたことと、短歌の外にあるレベル③の「私」が短歌に強く関わると考えていることは、どこかつながっているように思える。『和歌・短歌』盛田志保子少し前、たまたまテレビで見かけたのだが、藤原定家の子孫で歌道の家として知られる京都の冷泉家の方が、「和歌は自分の見たもの聞いたものを詠むのではない。四季の移り変わりを詠むもの、だけれど、現実にほんとうに見たかどうかの話ではない。」と言っていてショックを受けた。まず、わたしはいつから、短歌とは「自分の見たもの聞いたもの」を詠むべきものだと思っていたんだろう、という衝撃。そして、「自分の見たもの聞いたもの」を詠まないとすると一体なにを詠むのか、自分の目や耳を使わずに四季の移り変わりを詠むとはどういうことなのか、という衝撃。しかしよく考えてみると、自分の短歌のどこに「自分の見たもの聞いたもの」が入っているというのだろう。あんまり入っていないじゃないか。……ややこしや。このへんのことを考えると頭がグルグルしてくるので、とりあえず総合誌を開いてみる。「現代短歌」三月号では、『十首でわかる短歌史』という特集が組まれている。編集後記によると、今回、執筆者である九人の歌人たちへ、「いまわの際にある人が言いました。『わたしは短歌のことをよく知りません。上代から現代まで、短歌を十首あげて、その歴史をかいつまんで教えてください。わたしにはそれ以上の時間がない』」という原稿依頼状を出したのだそうだ。九人はそれぞれ自分の持つ短歌観を駆使して、この「わたし」に宛てて手紙のような「短歌史」を思い思いの文体で綴っていく。いつもより少し芝居がかったような書き手たちの文章も楽しい。ところで、九人のうち六人が藤原定家をあげ、そのうちの四人が同じ歌をあげている。『新古今和歌集』より。見わたせば花も紅葉もなかりけり浦のとまやの秋の夕ぐれ藤原定家今回、歌会なら一番の得票率だ。短歌の歴史を語るうえで重要な一首なのである。濱松哲朗はこの歌について「（略）定家のこの歌はある意味、日本語表現の極致かもしれません。何しろ、三句目で「なかりけり」と告げられる前に、私達は既に花と紅葉の姿を目の前に現出させてしまうのですから。圧倒的に寂しい光景の下の句に至る過程で見せられたこの、存在しない世界の魅力は、消し去りがたい印象を読者に与えます。」と書いている。「ない」のに「ある」。「ある」のに「ない」。魔法のようだ。そしてわたしは冒頭の冷泉家の方の言葉をまた思い出すのである。「歌壇」三月号の特集『短歌の中に残したい言葉』も興味深かった。「欲る」「まがなし」「真夜」「ゆんで」「いかのぼり」……。今野寿美いわく、歌ことばは「実作者が過去の作品に接して享受するほかない。」という。「短歌のなかくらいでしか使われなくなった文語や、それに近いことばは、過去の作品に接して親しむなかから身につけるほかない。逆に多くの作品を読むなかで脳裏に刻まれたことばは記憶の底に残り、自分が表現する際におのずと呼び起こされる。（略）歌ことばの多くは、その条件に適った、歌人にとっての財産なのだとわたしは思っている。」もしかしたら、「自分の見たもの聞いたものを詠むのではない」という言葉は、短歌はこんなふうに時代をこえて、変わらないもののために、みんなでおおらかに作るものだよ、という意味もあるのかもしれない。自分の言葉という幻想にとらわれず、堂々と歌ことばを使ってみたいものだ。『内的要請と外的要請』服部真里子それはなお続くはるさめ銀河まで寄ろうそのあと嘘をゆるそう山中千瀬『さよならうどん博士』お気づきだろうか。この歌、「卒業・おめでとう」の沓冠折句（各句の最初の音をつなげ、次に最後の音をつなげると、言葉が現れる技巧）になっているのである。引用歌は一首による折句だが、連作での折句（歌の最初の音をつなげると言葉が現れる）は塚本邦雄や岡井隆の作品で知られる。最近では石井辰彦が『逸げて來る羔羊』中の連作「父の生贄」において、「Idomeneo,rediCreta」（モーツァルト作曲のオペラ『クレタの王イドメネオ』）の折句を行った。折句が、短歌ならではの難易度の高い技巧であるのは間違いない。にも拘わらず、さまざまな短歌の技巧の中で、折句は見過ごされがちな印象があるのはなぜか。理由のひとつは、歌を作るときの内的要請が、外的要請によって阻害されることへの抵抗感だろう。あるものを「リンゴのようだ」と言いたい（＝内的要請）のに、折句の都合で「み」で始まる言葉を使う必要がある（＝外的要請）ために、「ミカンのようだ」にするのはよくないという感覚だ。しかし折句は、作者の内的要請をむしろ強調するのではないか。それらすべて嘘なのだから千年を夜来香(イエライシャン)しくじるように咲く（双生児）獣性をうつくしく見る。にんげんはがっさい海へつながらん雨（十二月）ちちははをようやく許しこれからの生きるさきざきのとおい祝福（チョコレート）『さよならうどん博士』から、さらに折句の歌を引いた。嘘、永続する雨、許し、祝福などのイメージが共通するのは、同一の作者の内的要請を反映した結果と言えよう。通常の歌より制限が多いからこそ、折句は良くも悪くも、作者にとって使いやすいイメージを引き寄せる。先ほどの例でいうなら、「リンゴのようだ」と言いたい人は、「み」が来ても「ミカン」を思いつかず、つい「蜜入りリンゴ」とか「リンゴみたいな」とか言ってしまい、そこにその人らしさがにじみ出るといったところか。折句が作者の内的要請を阻害しないとしたら、抵抗感の根底にあるものは何か。冒頭で紹介した歌集『逸げて來る羔羊』は、十首の連作六十篇から成る。はじめから明確な構成意識（＝外的要請）をもって作歌しなければ成立しないこの構造は、円柱の並んだ神殿のように美しい。しかしわたしたちには、こうした外的要請に基づいて作られた歌よりも、内的要請に基づいて作られた歌の方が、優れたものになるはずだという信仰がないだろうか。ひとくくりにしてきたが、わたしたちが「内的要請」と感じているものには二種類ある。ひとつは先述した、折句を行うとき作者がつい使ってしまうイメージや言葉の傾向（「リンゴ」）。もうひとつは、作者の内面の表白（「リンゴのようだ」と思ったことを言葉にすること）だ。ここでいう「内的要請」は、後者の意味である。作者が内面を表白した歌が、名歌となることは確かにある。しかしその確率は、外的要請が名歌を生む確率とさほど変わらないのではないか。「作者の内面の表白」にマジカルパワーがあるとしても（過度の神聖視を問題にしているだけで、実際マジカルではないにせよ何らかのパワーはあると思う）、作者自身による「表白」より、外的要請によってにじみ出てしまう何かの方が、作者を深く反映することはないだろうか。"
『総合誌を読もう』,盛田志保子,「未来」以外の短歌誌を滅多に読まないわたしが、時評を担当することになって困っている。引き受けてしまった今、ばたばたと総合誌やら他の結社誌やらを手元に集め、取り散らかしている。どうなるかわからない。だが、これが半年、一年続くころ、自分の中でなにが起きるか知りたい。なにも起きないかもしれない。だれかの役に立つかはわからない。定型という形を借りて短歌をやっている以上、どんなにもがいても斜に構えてもシラを切っても、大きな「短歌」という枠からは出られない。そして時代の影響を全く受けずに歌を作ることもできないだろう。とりあえず冬の総合誌をあれこれ読んでみた。ごうっという風が頭の上のほうを吹いているのに気付いた感じ。思えば、「未来」に所属していない現役の歌人が今いったいどんな歌を詠むのか、わたしは知らないのだった。もちろん歌集を読むことはある。だが、総合誌を楽しみのために読む、という贅沢をわたしは知らずに来た。総合誌には、知っている歌人、知らない歌人、結社を超えて年齢も時に性別さえもよくわからない歌人たちが、作品を並べてそこにいる。すごい。短歌のデパートや～。と一気に頭が沸点に達する。そして、歌を読みながら思うのは、やはり「この人はどんな人だろう」ということのようである。子供のころからチラシの裏に描く落書きは人の顔ばかりであった。いつか大人になれば、興味の対象は花鳥風月に移行していくのではないかと（なぜか）思っていた。しかし未だに、がっかりするほど、自分や周りの人のことで頭がいっぱいだ。そんなことを思いながら、短歌研究１月号、田口綾子氏の「短歌時評」を読む。近年、「作者=作中主体」という基本的な図式に則った短歌の読みから離れた、または離れようとする歌を作る作者がどんどんあらわれている。その一方で田口氏自身は、ある昔の歌人の作品を読むさいに、「『評伝』的な情報に読みを助けられた。」という。これは多くの人に経験があるのではないだろうか。評伝は作者自身のプロフィールのような要素を持つ。「では、『作者=作中主体』の構図を脱したがっている歌人たちについての評伝は、書かれてゆくのだろうか。」と。そうだ、たしかに。どうなっていくのだろう。そして歌の背景に「人」が見えるということは結局どういうことなのか……。たとえば、総合誌の巻頭を飾るベテラン歌人たちは時に謙虚である。謙虚とも違うのだけど。角川短歌一月号の特集には、短いエッセイ「私が考える良い歌とは」が添えられている。「私は名歌を作るなんて到底できない。せめて悪い歌を作らないように心掛けよう。」（高野公彦）、「「千に三つ」位は人の心に残る作品が出来れば嬉しい。」（尾崎左永子）、「明らかなことは良い歌とはまだ自分が作ったことのない歌のことです。」（渡辺松男）……。なんだろう、この、「まさか！」とは言わせないなにか。変な話だが、ポーズではなく、本当にそう思ってるっぽい。と、感じてしまうのだ。そうしてわたしは、頭のどこかで、こういう人が詠む歌、と思って歌を読むのである。いやになるほどシンプルだ。そしてそこにつまらなさや限界があるし、同時にしあわせやよろこびもあるように思う。「本当のことである」必要はないのだけれど、わたしたちは言葉を通して、やはりどこかで夢を見たいと思う生き物なのではないかと思う。読むときも、詠むときも。次回、服部真里子氏にパスをする。これから一年間、交互に書いていく予定だ。
書かない人の方が多い、から書いた方がいい,吉野亜矢,時評を書くに当たって、短歌総合誌のいくつかを定期購読することにした。もともとそういう習慣があまりなかったので、予想はしていたものの難渋した。一冊すら読み込む前に次の号が届き、積み上がっていくのである。楽しみを通り越して絶望的な気分になったが、思い起こせば「未來」が届き始めた頃もそうであった。当初、得体の知れぬ森であったものが、構成に慣れ、出て来る名前に慣れしていくうちに、自分の中にだんだんと地図ができていった。気を取り直し、まずは目を通すようにしたのが時評の類であった。「歌壇」（本阿弥書店）は三人の筆者が月交代で執筆するスタイルで、二〇一六年三月～一二月は福士りか、西之原一貴、奥田亡羊が担当。「短歌研究」（短歌研究社）は一人の筆者が三か月交代で執筆しており、二〇一六年三月～十一月は、三枝浩樹、寺井龍哉、喜多昭夫。「短歌往来」（ながらみ書房）には評論を対象にした「評論月評」があり、二〇一六年三月以降の執筆者は四月までが岩内敏行、五月以降が田中教子。（「現代短歌」（現代短歌社）には力尽きて手を出せなかった。お許しいただきたい。）いずれも二ページであり、文字数は前後するだろうが、この辺りが月刊時評の標準的な分量と言えそうである。この傾向に一線を画すのが「角川短歌」（㈱KADOKAWA）の「歌壇時評」である。執筆者は二名、基本半年交代、分量はなんと六ページ、文字数にして六千字というから四百字詰原稿用紙だと一五枚になる（ちなみにこの原稿は十九字×七十六行、約千四百字）。二〇一六年四月～一二月の執筆者は川野里子、阿波野巧也、大井学、中津昌子、魚村晋太郎、佐々木定綱（顔ぶれが多いのは、途中体調を崩した川野を、大井と中津が引き継ぐ形となったため）。対象の期間では阿波野の論に立ち止まることが多かった。「自己目的化した〈驚異〉」や、「理知的な言い換えによる「上手い」認識」では、言葉やものは驚異や認識のための記号となってしまう。（「共感と驚異と匿名と機知」二〇一六年三月号）職業詠も情勢も《私》に引き寄せて詠わない限り脆いものになる。〈私〉の重力場を〈公〉の重力場よりつよく鍛え上げること。短歌の「一人称性（私性）」を利用する者はその意識を持たねばならないだろう。（「『砂丘律』を中心に仕事と日常のことを考えてみた」二〇一六年四月号）若い世代に発表の機会がないのは、一概に実力がないからではなくて、総合誌が特集として特別扱いでしか機会を与えないという理由もあるだろう。（「短歌総合誌について私が不満におもってること」二〇一六年六月号）最終回となった六月号は、タイトルを始め、なかなか思い切った発言が散りばめられているが、全体としては配慮の行き届いた礼儀正しい指摘となっている。この稿では歌壇における「歌人＝男性」の無意識についても触れられており、読み応えがある。二〇一七年、この長文時評を担当するのは松村正直と瀬戸夏子である。瀬戸は初回の一月号において「このまずしいところから、遅れてやってきて」と題して、短歌に関する自分の来歴と地方で情報的に「まずしい」環境にある現状を述べ、「まずしさ」を希望に変えて、「遅れ」をタイミングとして受け止めて、執筆したいとしている。同時期に時評を書いていた方々には一方的に連帯意識を持っていた。これから書く人にもである。私の担当は今回で終わりです。十か月間ありがとうございました。
読み返すという贅沢,吉野亜矢,二〇一六年一一月に発行された同人誌「６６」（ロクロク）を読んだ。発行者である「ロクロクの会」は、浦河奈々、遠藤由季、岸野亜紗子、後藤由紀恵、齋藤芳生、高木佳子、鶴田伊津、富田睦子、錦見映理子、沼尻つた子、山内頌子、玲はる名の「おおむね四十代の女性歌人グループ」であり、誌面はメンバー十二名による十五首詠、近現代の女性歌人十一名の一首評、６６の会の歌会記録の、大きく三部に分かれる。一首評の部は、各人が持ち寄った一首について座談会形式で批評が展開されるのだが、言葉の原義や制作時の社会的・個人的背景、短歌史を踏まえた読み解きが行われており、信頼感を覚えた。ときをりは無菌室より取りだしてたしかめてみるわれのたましひ大村陽子『砂がこぼれて』（本阿弥書店、一九九三年）より。選は鶴田伊津。一九九一年に第二回歌壇賞を受賞するも現在は歌を続けておらず、私も初めてその作品を目にした。わが父が犬の乳房を揉みながら慰安婦きぬ江の黒子（ほくろ）を言へり乳首がかすかに痒し桃色のカバーのノブを廻してをれば一九五六年生まれとのことなので受賞当時で満三五歳、二〇一六年現在で六十歳の歌人だが、父親の介護といったテーマは今日的でもあり、「女性としての家父長制への憎しみ」（錦見）、「官能性」（齋藤）といった指摘を興味深く読んだ。〈歌〉と〈歌人〉が話題にされる期間が短くなり、ただ消費されていく傾向への危惧とともに大村の歌を提示した、鶴田の視点に注目する。けざやかに菜の花燃やすこの夕焼ならおそらくは死とつりあへる笹原玉子『われらみな神話の住人』（北冬舎、一九九七年）より。選は物部鳥奈（こと玲はる名）。（掲出歌はやや異質だが）「散文的な、一行詩のような歌」（錦見）、「この人大変なんだなあとかそういうことを思わずに読める」（沼尻）、「ポエティックで物語的な歌は評に挙が」りにくいが「今後評が出てくればいい」（遠藤）。沼尻の評には、いわゆる私性の濃い歌に向き合う時のしんどさを思い微苦笑を誘われ、遠藤の評には、ならばどういった批評が可能かを考えさせられた。他にも、錦見が取り上げた飯田有子『林檎貫通式』（コンテンツワークス・二〇〇一年）の「雪まみれの頭をふってきみはもう絶対泣かない機械となりぬ」や、浦河の取り上げた水原紫苑『くわんおん』（河出書房新社・一九九九年）の「投げられしナイフを避（よ）けて踊りゐし未生のわれの髪繊（ほそ）かりき」などは、一度読んでいるはずなだけに、彼女たちの議論に触れて再度読み返したくなった。全体の中で十五首詠はメンバーの、歌会記録は会の紹介として、座談会の発言をよりよく理解できるよう機能している。信頼関係があって交わされる、本来はクローズドの場での議論を共有できる貴重さが、この冊子にはある。彼女たちと私は、性別・世代に加え、全員が結社に所属しているという点でも共通性が高いと言えるが、何より、広げるばかりではなく選ぶこと、絞り込むことを意識する年代に差し掛かっている点が大きいと思う。新旧多くの媒体から読むべき作品が流れて来ることに焦る心持ちがあったが、全体への目配りよりも、自ずからの偏りの方が、自身を豊かにしてくれるのではないか。何を詠まないか、だけではなく、何を読まないかということについても、自覚的になりたいと思う。
第一歌集の出し方,吉野亜矢,第四十二回現代歌人集会賞が虫武一俊『羽虫群』（書肆侃侃房、二〇一六年）に決まった。著者は一九八一年生まれ、二〇〇八年に作歌を始め、二〇一二年に短歌研究社のうたう☆クラブ大賞受賞とある。収録されているのは石川美南の監修による三〇八首だが、背景には四千首を超える膨大な作品群があったという。生きかたが洟かむように恥ずかしく花の影にも背を向けているしあわせは夜の電車でうたた寝の誰かにもたれかかられることこの格差社会の底の草原におれはこそこそ草を食う鹿現状を打破しなきゃって妹がおれにひきあわせる髭の人敵国の王子のようにほほ笑んで歓迎会を無事やり過ごす細かい背景を知らずとも、著者の人となりの伝わる歌だと思う。内向的だが人恋しさはあって繊細、うまく馴染むことができない社会に対しても攻撃性を持つことはなく、荒地ではなく草原を見る。兄の行く末に気を回す妹の差金を戸惑いながらも受け取り、様々なものを乗り越えて辿り着いた仕事場での身の処し方ともども、ユーモラスに描写する。人柄全開である。手のなかに切ってしばらく経つ爪のかけらがあってとても静かだ窓枠のかたちの届く距離が日々変化して人生はおもしろい記憶にも川は流れて橋脚に割れる姿を眺めてしまう献血の出前バスから黒布の覗くしずかな極東の午後「おれ」への拘泥から一歩離れた歌を引いた。一首目、爪切りから以前切った爪が出てきた場面か。二首目、季節の移ろいが窓枠の影の位置を変化させる。三首目、実景ではないと断ることで却って写生的に思われる川の流れ。四首目、現実から遊離して、無人無音で再生される街の光景。この歌集の魅力は、一首一首の味わいに加えて、「引きこもりの青年が短歌という表現手段を得て外界との交わりに一歩を踏み出す」という、一種のビルドゥングスロマン（教養小説、自己形成小説）の体裁を具えている点にある。同じく賞の候補となった鳥居『キリンの子』同様、著者のキャラクターへの依存を指摘されがちな出発ではあろう。二度はない祝福だが、芯に太太とした私があることは、短歌の力の一つに違いない。この新鋭短歌シリーズは、新しい短歌作家の第一歌集の出版を後押しするというコンセプトの下に始められ、一期十二冊を第二期まで完結している。加藤治郎と東直子が主たる監修者として参加し、著者とともに歌集を作り上げていく形式をとる。十年以上前に初めて歌集を編んだ時、私にも手助けをしてくれた複数の人がいた。手探りでなくそうした出会いがあるなら、何と素晴らしいことだろう。レーベル創設のきっかけが、二〇〇九年一月に二十六歳で亡くなった笹井宏之の歌集を同社が出版したことにあるというのも感慨を深くする。同年の本誌三月号（６８６号）には「故」と添えられた笹井の歌が並んでいる。八年前のことになる。空へ空へとひきぬいてゆく黄昏のはためきかけてやめたティッシュを笹井宏之
長い時評のような歌集に,吉野亜矢,一九九二年に死んだ祖母を、今でも折に触れて思い出す。一九九五年と二〇一一年の大震災、衝撃的な事件事故があった時など、祖母はこれを知らずに亡くなったのだな、幸せなことだな、という風に。二〇一六年九月、斉藤斎藤の『人の道、死ぬと町』（短歌研究社）が刊行された。二〇〇四年の第一歌集『渡辺のわたし』から干支一巡りしての第二歌集であり、当初は奇抜に思われた名前も、歌壇ではすっかり馴染んだ感がある。二〇〇四年から二〇一五年までの、制作年を章題とする作品約九〇〇首を収めた今回の歌集には、私の祖母や（第一歌集に挽歌が収められた）斉藤の母親が知らない今の日本が描かれている。歌数について、なぜ「約」かと言うと、手作業で数えたということと、①地の文との判別が困難、②他者の作品の引用、③自作の再掲等、これを一首とカウントしてよいか判断しかねる事例がままあるからである。そのこと一つとっても、この歌集の特異性が分かる。手に取って読み通すにはかなりの労力を要するが、それはボリュームということだけでなく、取り扱われているテーマが重量級だからだ。主要な連作のテーマを挙げると、結婚（「君との暮らしがはじまるだろう（仮）」）や歌友の死（「棺、『棺』」他）といった身の周りの状況から、凶悪事件の被害者、加害者と死刑制度（「今だから、宅間守」、）、東日本大震災（「NORMALRADIATIONBACKGROUND1池袋」、「同2西新宿」、「同3福島」他）、少子高齢化と子供を持たないという選択（「わたしが減ってゆく街で」）、核と日本人のあゆみ（「広島復興大博覧会展」他）等、われわれが生きて暮らす今の根深い在りように考察は及んでいる。短歌には元々、記録文学としての性質があるが、足を運び、文献に当たり、長い詞書や夥しい注釈を添えた連作は、新しいルポルタージュを見ているようでもある。詞書の多用が見られるようになるのは、２００７の章の「今だから、宅間守」以降である（大阪池田小事件は二〇〇一年、犯人の死刑執行は二〇〇四年）。短歌作品においても、韻律のずらし、はずしを多用する歌人であったが、小さなフォントで添えられた文章は、定型に乗せることで生じる陶酔と完結感、死者（他者）を生者（わたし）に奉仕させてしまうことを牽制しながら、歌を補う役割を負っている。読みやすい本だとは思わないが、第一歌集においては、すれ違いざまに気になることを呟いて去っていくようなところがあったのが、伝えるということについて、読者への信頼からか何らかの責任感からか、少し前向きになった気がする。「大切なのは、何を書くかではなく、何を書かないかだ」（「棺、『棺』」）とする、率直な吐露に共感する。乗りかかった舟だから来月も乗る美しい日本に私(51)声がしてけむりの花火にっぽんはもうちょっとできる子と思ってた(184)淡々と滅べばいいという思いがないと言ったら嘘になるのだ(240)２００６の章、２０１１の章、２０１３の章から引いた。角川短歌十月号の時評において魚村晋太郎は、「短歌にとってのあたらしさ」を、一つは時代の反映、一つは表現領域の拡大と定義している。斉藤はまさに、後者の意味でのあたらしさを短歌にもたらした人だと思う。私は、日本も私もじゃあこれで、という訳にはいかないと思っている。短歌を詠むことが滅びに奉仕しないよう、黙るなり詠むなりしていきたい。
八〇年代生まれの歌人たち,吉野亜矢,遅ればせながら読んでおきたいと思った歌人がいる。山田航と吉田隼人だ。山田は一九八三年生まれ、札幌市出身、「かばん」所属。二〇〇九年に角川短歌賞と現代短歌評論賞を受賞し、二〇一二年の『さよならバグ・チルドレン』（ふらんす堂）で北海道新聞短歌賞と現代歌人協会賞を受賞。第二歌集に『水に沈む羊』（港の人、二〇一六年）。手に取った順から言うと、山田の編著であるアンソロジー『桜前線開架宣言Bornafter1970現代短歌日本代表』（左右社、二〇一五年）が最初に来る。その名の通り、一九七〇年以降に生まれた歌人四十人についての解題とまとまった数の作品が読めるようになっており、山田本人についても、四十一人目として栞に収録されている。花火の火を君と分け合ふ獣から人類になる儀式のやうに放課後の窓の茜の中にゐてとろいめらいとまどろむきみは泣き虫も弱虫も虫（バグ）夏空に飛び交うものをふたり見てゐたホームランを打てず、スタートラインにも立てず、「たぶん親の収入超せない」僕たち。抒情に混じる言葉遊びのセンスは、別途『ことばおてだまジャグリング』（文藝春秋、二〇一六年）に結集したようだ。そして郊外の無個性なニュータウンと、「浮かない」ことが求められる学校にテーマを求めた第二歌集から。火に焙るマシュマロときに素晴らしい記憶に変はるかなしみもあるオルゴール作りが君の母の趣味君の名前は忘れたけれどただ白いだけの液体つくりだす俺のからだを抱くんだきみは溺れても死なないみづだ幼さが凶器に変はる空間もある吉田は一九八九年生まれ。二〇一三年、「忘却のための試論」で角川短歌賞を受賞し、二〇一六年には同タイトルの歌集により現代歌人協会賞を受賞。所属結社等はない。本歌集が「二〇一一年」、「二〇一一年以前」、「二〇一一年以後」の三部構成になっているのは、吉田が福島県出身であることに深く関わる。巻末には初出一覧があり、同人誌や短歌総合誌に発表した連作が基本となっているが、特に「率」掲載の作品には、同人をはじめとする読者への信頼が感じられる。角川短歌賞は五〇首単位であり（掲載されている受賞作は四九首だが、削られた一首は山田のアンソロジーで読める）、長い連作を成立させる動機や技術が必要とされるが、仏文の博士課程にあるという吉田には、論も作も構築的に積み上げていく粘り強さ（しつこさ）がある。誰もが誰かを傷付けずにはいられない季節がきます傘の用意を燃えおつるせつなの紙の態（すがた）して百合咲きてあり燃えおちざりき生前のわが使ひゐし歯ブラシは水まはりの掃除に役立てりいもうととまためぐり逢ふいつだつてなにかが安いマクドナルドでをかされしあなたとふしめがちに逢ふあくありうむのあをきくらがり頻出する「傘」のイメージ、虚構らしき家族の導入、生への呪詛、死のなまめかしさ。従来の流通形態では、「歌集出版など到底望めない経済的条件にあった」という。書肆侃侃房の挑戦の価値を思う。
あたらしい短歌,吉野亜矢,詩と批評の雑誌『ユリイカ』（青土社）が、二〇一六年八月号で短歌を特集している。タイトルは、「あたらしい短歌、ここにあります」。冒頭では、歌壇外への発信を得意とする穂村弘が詩人の最果タヒ（さいはてたひ、と読む）と対談しており、雪舟えま、俵万智、巻上公一、戸川純、斉藤斎藤、瀬戸夏子、結崎剛、井上敏樹、福永信、木下古栗、ミムラ、壇蜜、DARTHREIDERa.k.a.ReiWordup、澤部渡、雨宮まみ、ルネッサンス吉田、木下龍也、尾崎世界観といった人々（半分以上が異分野の表現者である）が短歌作品を寄せている。菫色のサインは日露の娘と初恋の比喩、そう、どちらかといえば僕だ瀬戸夏子デュロキセチン処方Max服薬すれば過活動性的逸脱観念奔逸減薬すれば息をする塵【ごみ】死ぬ気力すらないルネッサンス吉田論考では、穂村とともに短歌のニューウェーブを背負った加藤治郎、荻原裕幸らも寄稿しており、人物に迫るという形で岡井隆、鳥居、清家雪子（漫画家、『月に吠えらんねえ』の作者）も登場している。吉川宏志は、「過去（筆者注：ここでは十五年といった期間のこと）を検証する議論があまりなされないのが、現代の短歌界の大きな問題点」と指摘し、瀬戸の歌について「価値観の異なる人々には全く伝わらない表現だと思うが、感性や心情を共有するサークルの中では、高く評価をされているようである」と書く。この主張が比較的馴染みやすいのは、自分自身が結社や歌会で受けた訓練との地続き感があるからだろうか。死角があるとしたら、それも共有していることになろう。その吉川に「歌壇から認められないことを積極的にアピールする歌人」と分類される枡野浩一は、佐々木あららとともに商業出版へのこだわりを論じる中で、山田航の著作を「穂村史観」でまとめられていると評している（二〇一五年一二月に『桜前線開架宣言Bornafter1970現代短歌日本代表』と題するアンソロジーを出した山田には、穂村との共著もある）。その山田は石川美南とともに巻末に「あたらしい短歌のキーワード１５」を執筆しており、「家族」「学校」「地元」「労働」「言葉遊び」「ＢＬ／百合」といった項を担当している。このＢＬ（ボーイズラブ、男性同士の恋愛を扱った女性向けの創作物）に関して石井辰彦は、「チープなエロティシズム」「短歌よりコミックに近い存在」とし、ＬＧＢＴＱ―多様な性の当事者による詩の物足りなさについても言及している（本題は、保守的な若者に《教養》としての《性愛》を深めることを勧めるもの）。その他にも、二〇一四年の短歌研究新人賞受賞作における虚構の設定で物議を醸した石井僚一が歌会について熱く語り、二〇一六年に『忘却のための試論』で現代歌人協会賞を受賞した吉田隼人が専門のフランス文学を駆使して短歌における私性を「抒情詩の〈私〉」として考察している。吉田の論文調の文章はついていこうという意欲を刺激するが、これだけの紙幅を費やして作者と作品の切り離しを試みながら、同じ誌面で自身の角川短歌賞受賞作について、「身近な人を自殺で亡くすという実体験があって」（東直子）という言い方をされてしまうのは皮肉である。穂村と岡井の発言でも、行き着くのはこの私性の問題であったり、文学と生きがいという短歌の価値の両端であるように読んだ。他にも多様な論者が興味深い論を展開している。手に取ればその人なりの発見がある、刺激的な特集だ。
参院選を前に,吉野亜矢,二〇一六年七月上旬、街には選挙の言葉が溢れている。言葉の扱いという意味で、それらはとても興味深い。特に幸福実現党のキャッチコピーがこわい。「愛してるから、黙ってられない。」の舌足らずな語調と、理由にならない理由、並び配置される女性党首の顔。黙っていられないのは自分だけではないと思うが、相手側の言い分に耳を傾ける姿勢は感じられず、こうした物言いを女性性に帰属させて納得させてしまおうという意図を感じる。選挙の際には様々な言葉が生まれる。他国の例でも、英国の脱ＥＵを意味する「Ｂｒｅｘｉｔ（ブレキジット）」＝ＧｒｅａｔＢｒｉｔａｉｎ＋ｅｘｉｔ（離脱）が記憶に新しい。僅差でその離脱派が勝利した後にはそれを悔いる「Ｂｒｅｇｒｅｔ（ブリグレット）」＝同＋ｒｅｇｒｅｔ（後悔）という言葉まで現れた。国としては緩やかに失速していく傾向にあるような気がするが、言葉の扱いにおいては依然逞しさも感じる。参院選に向けて政党や政治団体の発する日本語に目を向けると、自民党は「この道を。力強く、前へ。」。この道とは何か、という疑問はあるが、老舗だけあって変なツッコミどころを作ったりはしない。政権パートナーである公明党は、弱者を意識した「希望が、ゆきわたる国へ。」。三月に民主党に維新の党が合流する形で発足した野党第一党の民進党は、党名の解題とも読める「国民【国民＝ルビ＝あなた】と進む。」。日本共産党は、野党共闘を意識した「力あわせ、未来ひらく」。昨年十一月に維新の党から分離する形で発足したおおさか維新の会は、「古い政治を壊す。新しい政治を創る。」。憲法学者の小林節が五月に立ち上げた政治団体、国民怒りの声は、団体名自体がキャッチコピーのようだが、広報素材を見ると「１％の富裕層ではなく９９％の普通の人の声を届けます」がそれに当たるか。以下略。与野党共通して言えるのは、句読点が好きだなあということである。「、」や「。」が入ることで切れ目がはっきりし、きびきびとした印象と発話者の確信を伝える効果がある。一方、短歌では、修辞として積極的に活用する場合を除いて基本的に句読点はあらわれない。掬い上げようとされるのは、言葉の隙間の言い澱みのような部分だと思う。前回に続いての言及になるが、永田和宏は、昨年九月に京都で行った提言「言葉の危機的状況を巡って」において、自分の言葉は政治家の言葉には絶対なれない、と感じた経験を紹介している（同内容の講演は十二月に東京でも行われた）。永田はその三週間ほど前、新宿で行われたデモで、「安全保障関連法案に反対する学者の会」の呼び掛け人の一人として群衆に語りかける機会があり、雑踏の中で言葉を届ける難しさを痛感するとともに、その場で耳にした政治家のスピーチに、自分のものとは全く違う迫力を感じたという。プロの言葉に感服しながらも、民衆に伝わる「政治の言葉」と、「われわれの言葉」は違うだろうというのが、永田の問題意識である。短歌研究七月号では寺井龍哉が「水原紫苑の眺望」と題する時評で、高校の「うた部」を舞台に短歌が人と人とをつなぐきっかけとなる小説『うたうとは小さないのちひろいあげ』（村上しいこ著、講談社）を紹介しつつ、水原が『桜は本当に美しいのか』（平凡社）で指摘した視点―詩型が持つ共同体への従属傾向を対比させている。歌による自問自答や揺らぎの表現も、個の発露を可能にするだけではなく、集団への同化や現状維持に奉仕する可能性がある。
言葉のたくらみ,吉野亜矢,"五月二十七日、Ｇ７伊勢志摩サミットを終えたオバマが、アメリカの現職大統領としては初めて広島を訪れた。平和記念資料館を視察し、原爆死没者慰霊碑に献花し、十七分間にわたるスピーチを行った。私は地方公務員なので、首長の名の下に挨拶文を起草する機会がある。そんなこともあって人の挨拶文には関心があり、首相官邸（kantei.go.jp）の「総理の演説・記者会見など」の項はよく見る。少し前に話題になった「広島市原爆死没者慰霊式並びに平和祈念式」や「沖縄全戦没者追悼式」における総理挨拶文は、初めて読めば胸を打つ美文だが、使い回されていたことが叩かれた。入れ替わりの乏しい聴衆を前に、過去の不変の事象に対して毎回言葉を繰り出す難しさはあり、様式性のもたらす慰めもあろうが、「今」を反映すれば、触れるべきことは微妙にでも変わるはずである。オバマの広島スピーチはすぐにテキスト化され、日米その他のメディアで提供された。少し待てば、親切にも日英対訳も出た。注意深く選ばれた言葉や構文は、「私たち」を特定の国民に限定して読まれることのないよう、「人類」や「文明」といった普遍的な概念に引き付けて展開されている。冒頭の問い、「なぜ我々はここヒロシマに来るのか？（Whydowecometothisplace,toHiroshima?）」は中盤で回収され、「だからこそ我々はここに来る（Thatiswhywecometothisplace.）」となる。日米同盟や欧州連合の価値と実績、それでもなお止むことのない世界の対立、悪（evil）に対して防衛手段を持つことの必要性を訴えた上で、初めてアメリカ国民を特定する文脈「私の国のように核を貯蔵している国々は（Amongthosenationslikemyownthatholdnuclearstockpiles）」が現れる。究極の目標としての核廃絶の可能性に触れながら、「独立宣言に謳われた理想を実現することはアメリカ国内（withinourownborders）やアメリカ国民の間において（amongourowncitizens）さえ簡単なことではない」と続く。（ourが特定国民を指す形で使われているのはここだけである。）「我々は人類という一つの家族の一員（wearepartofasinglehumanfamily）」という気恥ずかしくなるような文言の後、「だからこそ我々はヒロシマに来る」のフレーズが反復され、「道徳的な目覚めの始まり（thestartofourownmoralawakening）」を訴えてスピーチは終わる。五月、『時代の危機と向き合う短歌』が青磁社から刊行された。副題にある「原発問題・特定秘密保護法・安保法制までのながれ」を受けて、吉川宏志が中心となり、京都（平成二十七年九月）と東京（同十二月）で開催したシンポジウムの記録集である。京都では三枝昂之の講演、永田和宏の提言、中津昌子、澤村斉美、黒瀬珂瀾による鼎談があり一四〇人が参加した。東京では永田の講演と今野寿美のミニトーク、吉川、染野太朗、田村元、三原由紀子によるパネルディスカッションが行われ、三九〇人が参加したという。私は京都の、立ち見も出た当日の盛況を思い出す。永田は「歌人として時代に向き合うとはどういうことか」を問題提起し、機会詠においてレトリックが自己目的化することへの自制を説いた。言葉にはたくらみがあり、詩歌においてもそれを振り切ることは難しい。一方、政治で何をどう伝えるかの技術は必須である。私は挨拶文へのこだわりと同じ意味で、ＩＤＦ（イスラエル国防軍）のツイッターに見入ってしまう。そのメッセージは明快で、美しいとすら思われる。"
どんな名前でも,吉野亜矢,三年前、誘ってくれる人があってとある歌会に出た。参加者は私も含めて十八人（詠草は二十一首）、大学生中心の比較的若い層で構成されており、見知った顔はいなかったと思う。なぜ誘われ、なぜ出かけて行ったのかは忘れてしまったが、京都の会場に着くと、セーラー服姿の女の子の隣に座ることになった。高校生？と誰かに聞くと、そうじゃないけど、あの子はあれでいいんだ、みたいな答えが返ってきた気がする。土煙り不在の父へ会いに行く夏影冷えて黒い遮断機後に歌集『キリンの子』（ＫＡＤＯＫＡＷＡ、二〇一六年刊）にも収められた、鳥居のこの日の詠草である。メモでは一画少ない正の字が書いてある。ちなみに私の詠草はＴの字が書いてあり、最高得点歌は九票だった。この歌は歌集収録時には少し手を入れられている。土煙【煙＝ルビ＝けむ】り不在の父に会いにいく夏影冷えて黒い遮断機漢字とひらがなの配分、助詞の選択、そして読み仮名に配慮がなされたことが分かる。ゆっくりとうすく光を引き伸ばし銀のひかりで切るセロテープ53顔文字の趣味のよくない友だちが空の写真のメールを寄越す132海越えて来るかがやきのひと粒の光源として春のみつばち126鳥居の歌集は発売早々評判を呼び、ネット書店では本体定価一六〇〇円を上回る価格がついていると聞く。私は頼みのジュンク堂書店三宮店で在庫切れだったため、近隣の住吉店にあった一冊を取り寄せてもらい読んだ。反響の要因の一つと言っていい彼女自身の過酷な出自は、歌集と同時に刊行されたノンフィクション、『セーラー服の歌人鳥居拾った新聞で字を覚えたホームレス少女の物語』（岩岡千景著、ＫＡＤＯＫＡＷＡ・アスキー・メディアワークス刊）に詳しいはずだ。そうした体験を匂わせる歌を引くこともできる。永遠に泣いている子がそこにいる「ドアにちゅうい」の指先腫らし89失ったふるさとなおも夢に出て夢の魚を買って帰らむ109君の死に火は似合わない紫陽花が咲くみずうみに浮かべる棺119賛否のある歌集とも聞くが、私はまだ署名入りの批判を見たことがない。この歌集が嫌いだと言う人は、彼女の歌を（短歌以外の立脚点から）称賛する人たちを好かないだけではないか、と思う。学生にとっての制服は、人としての未熟さを表象するのと引き換えに、庇護の対象としてのサインを送る役割も担う。鳥居は「義務教育を受けられないまま大人になった人たちがいることを表現するために、成人した今もセーラー服を着て活動をしている」という。しかし学齢期を過ぎた女が身に着けるセーラー服は、商品化された性のパッケージとしてしか受け取られないこともある。三年前、恐ろしいほど率直な自己紹介とともにもらったリーフレットには、被写体である鳥居自身が函状のものに身を曲げて収まり、まっすぐこちらを見返している写真があった。オーバーサイズの白いシャツ、腿まで上がった黒いスカート、赤く塗った口元に寄せられた両手。この危なっかしさに無自覚なはずはない。ほんとうの名前を持つゆえこの猫はどんな名で呼ばれても振り向く142鳥居は問いかけている。弱い自分に、世界は支配以外のものを与えるのか？と。
受賞ラッシュを祝う,吉野亜矢,未来の歌人に立て続けにめでたいニュースがあった。大島史洋が歌集『ふくろう』（短歌研究社、二〇一五年三月）により第五〇回迢空賞、黒瀬珂瀾が『蓮喰ひ人の日記』（短歌研究社、二〇一五年八月）により第十四回前川佐美雄賞、小川佳世子が『ゆきふる』（ながらみ書房、二〇一五年一二月）により第二十四回ながらみ書房出版賞を受賞した。大島の『ふくろう』については四月号に新年会の報告が掲載されたところなので、ここでは他の二冊について触れたい。黒瀬の『蓮喰ひ人の日記』は、二〇一一年二月から翌年三月にかけて、研究者である妻に伴い滞在したアイルランドとイギリスでの生活を題材にしている。その間東日本大震災と妻の出産という、一方は社会的歴史的な、一方は個人的な事件に遭遇するのだが、それらを縦横に織りなしつつ、また『ユリシーズ』を引用しつつ、異国での時間を歌物語のように紡いでゆく。「六の月」から始まる章立ては「十の月」まで満ちると再び「一の月」となり、「九の月」を最後に終わる。子の成長を全ての軸に据えながら、家族の私的な記録以上のものが掬い取られている。胎の子よ聞こゆるか今スウィフトが赤子の調理法説きやまぬ日本の震災の一週間後、身重の妻の目の前で三世紀前の文豪による皮肉な貧困解消策が朗読される。海老チリと豚の甘酢の混じりあふタッパの底を歩み来たりぬその三日後の歌は、詞書「3/21Wok(盒飯)とはテイクアウェイの中華料理屋。中国移民は中国語で、韓国移民はハングルで笑ひかけてくる。」に違和感を覚えた。ハングルは文字を指すため、「中国語」に対置されると意味が若干ずれる。しかし私は、そんなことは承知であろう黒瀬の選択に結局は同意する。朝鮮半島で流通する言語を日本語で表現しようとすると、韓国語、朝鮮語、韓国・朝鮮語と、幾通りもの選択肢があり、そのいずれも万人を満足させることはない。ＮＨＫがハングル講座を名乗るのはこのジレンマを避けるためであり、私にそう指摘した人々は、同じジレンマを避けて在日コリアンと呼ばれたり、また名乗ったりする。そうした逡巡を経て掲出歌を振り返ると、現地語化した外来語やら普通名詞化した商標やらが入り交じった、猥雑で生命力のある味わいが立ち上がる。小川の『ゆきふる』は二〇〇六年から二〇一五年までの十年間の作品約五百首を収める。いくたびか外光に触れいくつもがどこかへ行った私の臓器闘病という言葉はあとがきも含めて使われていないが、この間度重なる入院や手術を経験したようだ。治癒の目安となる五年目にがんが再発し、入院の支度をしていて、二〇一一年三月一一日を迎えたという。津波に家屋を流された土地と、空洞を抱えた闇が痛ましく重なる。人は様々な場所で、あの震災を受け止めた。なにゆえにパジャマに柄はあるのかと思うようなる大いなる問い新月の夜に願いを書いてみてひらがなのほうが叶う気がする病と縁深い身体を授かったことについての嘆きや諦念だけでなく、どこかとぼけたユーモアもこの人の持ち味だ。欠詠したことがない、という言葉を思い出す。今月から時評を担当することになった。歴代の執筆者が向き合ってきたであろう「時評とは何か」について、考える一年になるだろう。
遠からず来るだろう,中島裕介,触ることのできる極小のプラズマを、妖精のように現実空間に投影し、動かす技術を開発した落合陽一。彼が二〇一五年末に刊行した書籍が『魔法の世紀』。「魔法」とは言い得て妙である。幻想でしかなかったモノが、現実に現れるとき、短歌において写生は、幻視はなお可能であるのか。少なくともこれまでと同じようにはできなくなるのではないか――と考えさせられる。同様に、人工知能（ＡＩ）の技術も急激に発達している。短歌においてＡＩはどのような影響を及ぼしうるか。アメリカのある音楽家・音楽学者がバッハの音楽を分析し、ＡＩに学習させた。そして、ＡＩがバッハ風に作曲した曲と、別の音楽学者がバッハ風に作曲した曲を聴衆に聴かせ、どちらがＡＩの曲かを当てさせるコンサートを開いた。結果、多くの聴衆が別の音楽学者の曲を「ＡＩの作曲したものだ」と認識したという。これが一九八〇年代から九〇年代の話だ。最近、スペインの大学が開発したＡＩは一秒以下でクラシック（風の）音楽を一曲作るという。近年の日本でもＡＩに小説のあらすじやショートショート散文を作らせる研究は多数行われている。短歌におけるＡＩ利用を、研究・実践している人は多くなさそうだが、ＡＩに、たとえば斎藤茂吉の短歌を学習させ、茂吉風の新作を作らせることも、本腰で研究する人が現れれば難しくないだろう。Googleが開発したＡＩが、「どういうものが猫であるか」のお手本を人間から教わることなく、インターネット上の画像や動画に映るどれが猫であるかを学習し、識別できるようになったのは二〇一二年。二〇一五年には複数の画像を組み合わせた「夢」を産み出すこともできるようになっている。ＡＩが膨大なデータからモノのイメージを把握し、それを応用して新しいイメージを作り出せるならば、膨大な和歌・短歌から、たとえばアララギ的な要素を踏まえた新しい短歌の文体をＡＩが作り出せそうだ。インターネット上の外国語の自動翻訳機能（これもＡＩだ）を使ったことがある方もおられるだろう。アメリカの新聞社では、スポーツや経済のような定型文が適用できる短い記事をすでにＡＩが書くケースもある。今後、プログラムさえできれば、和歌も短歌も、文語も口語も関係なく、ＡＩが自動的に意味を字義通りに解釈してくれるようになるだろう。二〇一六年一月末に政府が「ＡＩによる創作物に著作権を認めるか」という検討作業に着手した。現時点ではＡＩによる創作物には著作権がない――つまり、ＡＩが作った短歌を、誰かが個人の実名で発表しても特に問題はない。ならば、たとえばＡＩが自動生成した短歌に、「岡井隆」の名が付されたとき、あなたは本当にその歌を〈正しく〉読むことができるか。よい歌ならば「岡井隆ならどんな歌でもありうる」と褒めてしまわないか（それでもよいのだが）。ＡＩが短歌を作り、ＡＩが読んで、ＡＩが解釈する。それも大量に。そこに、岡井の『現代短歌入門』における有名なテーゼというときの〈顔〉が入り込む余地はあるのか――いや、元々その〈顔〉は本当に作者の顔をしていたのか。短歌という営みはどのように存在・存続しうるのか。そういう思考実験をすべき時期に来ている、と私は認識している。二年三ヶ月にわたり時評を担当させていただきありがとうございました。
ポストモダンという語,中島裕介,大辻隆弘がツイッター上で、山田航と森井マスミの評論に憤っている。とした上で、大辻は山田・森井という「ポストモダン」側に立場表明を迫るものだ。なお、本稿では紙幅の都合で森井の「短歌往来」二〇一六年二月号の評論「言葉を共有すること――ポストモダンと短歌」を扱わない。ご容赦いただきたい。「短歌研究」二〇一五年十二月号に掲載された、山田航の「評論展望」は、永井祐の角川「短歌」二〇一五年八月号時評での「短歌の世界に流通している「人間」は「昭和の人間」であるように思う」と引き、近代的な固定観念にとらわれがちな歌壇の傾向を指摘する。大辻の同誌九月号時評の「短歌における抒情の問題は、煎じつめれば、短歌において時間をどう表現するかという問題に収斂する。（中略）口語短歌の作者は、みずからの抒情を確立する新たな時間表現の技法を開発する必要に迫られているはずだ」という指摘を対比させる。山田は、と、近代的な固定観念にとらわれることの問題点を指摘する。山田が、大辻の評論を近代＝モダンの問題にとらわれているもの、と位置づけているのは分かる。さて、そもそも「ポストモダン」とはなにか。元々はフランスの哲学者リオタールが提唱した考え方であって、と整理される。ポストモダン（的思考）は「近代全体」を問題視はするが、別にそれと対抗するものでもなければ、「現代（的思考）」を意味するものでもない。『リオタール寓話集』の「訳者あとがき」で訳者・本間邦雄がうまくまとめている。このリオタールの「ポストモダン」は、山田の、近代に対する問題意識と合致していると言っていい。ただ、山田が「『ポストモダン』を称揚」しているとまで言いうるかというと、そこまでは言い切れないように見える（森井の評論は確かに「称揚」しているように読めるが）。「ポストモダン」は「称揚」すべき類のものでもなく、歴史性とは別のしかたで、文学表現を築いていく態度のことだろう。
同人誌のはなし,中島裕介,同人誌「率」第九号と「Tri」第二号がどちらも荻原裕幸特集を組んでおり、いずれも刺激的な内容となっている。二つの同人誌が同時期に荻原を選び取ったのも偶然ではない。「率」の巻頭言では藪内亮輔がと述べている。「Tri」の巻頭にある大井学の評論「荻原裕幸の「定型」――その問題意識」においても、冒頭に荻原が一九九二年に発表した文章を引用し、と荻原の問題意識が現在の短歌の情況、特にリアリティを巡る議論にも密接に繋がっていることを示しており、両者の着眼点には大いに頷ける。他に「率」では宝川踊が、「Tri」では濱松哲朗が、いずれも柄谷行人を援用しているのも興味深い。同人誌即売会「コミックマーケット（コミケ）」といえば、マンガやアニメ、ゲームといった分野の同人誌が主だが、それ以外の分野の同人誌もある。二〇一五年末に開催されたコミケに出品された技術関係の同人誌「SunPro会誌2016」では博多市（筆名）という方が「機械学習で石川啄木の未完の短歌を完成させる」という文章を公開している（筆者はウェブ上でのみ拝見した）。この文章は、石川啄木の『悲しき玩具』の元となったノートにある「大跨に緣側を歩けば」（二句目冒頭は「縁側」の「縁」の旧字体。）という〈未完の短歌〉に続く三句目以降をコンピュータに制作させる試みについて記されている。その制作過程は、①『一握の砂』と『悲しき玩具』にある歌・七四五首をコンピュータに分析させて、基盤となる語彙を整理し、②短歌定型に沿った三句目以降を自動的に一万首作らせ、③石川啄木の短歌らしくなる語の組み合わせを解析し、④自動的に作られた一万首のうち、最も啄木らしい歌を数値的に選ぶというもの。でき上がった歌は次のとおり。この試みを行った博多市自身、この歌の出来は良くないという感想を持っており、私も同感だ。しかし、こういった試み自体は面白く、基盤となる語彙がより豊かであれば、歌の出来も良くなるだろう。人が作った歌と遜色がない短歌をコンピュータが作るとき、虚構やリアリティを今と同じように議論できるだろうか？ところで、「率」第九号の瀬戸夏子「以後のきらめき」の補注で、短歌一首を自動生成させるプログラム犬猿短歌（佐々木あらら制作）や偶然短歌botを、瀬戸は荻原の短歌に対置させて次のようにいう。全く同感。あくまで「いまのところは」なのだ。人間にとっての短歌の位置はまだ変わり得る。だから面白い。
今年の新人賞,中島裕介,今年の、総合誌における新人賞の結果が出揃いつつある。第六十一回角川短歌賞は阪大短歌会の鈴木加成太「革靴とスニーカー」。就職活動で履く革靴と大学生としての生活で履くスニーカーが対比されている。「世界」「夜風」「星」「星屑」「地平線」など、肯定的なイメージを、就職活動を通じて触れた美質として見出している。この点は選考委員からも好評を得ている。引用一首目はやや像が結びにくい感もあるが、就職活動の時間帯ではなく、大学生としての生活世界として夜に外出する自身の様子を「スニーカーには夜風の匂い」と甘やかに表現している。最後の引用歌は、インスタントコーヒーの袋に入れる切れ目と地平線、地平線を焼き切る火（太陽）と焙煎の香りやその現れが鮮やかに描かれており、個人的に最も好みの歌である。第五十八回短歌研究新人賞は遠野真「さなぎの議題」。作者は男性だが、思春期の女子学生に成り代わって詠われた連作。全体に虐待や自傷の気配がある。二首目の「ウィリアムズ博士」は昆虫の変態について研究した動物学者。さなぎのように内部で変わってゆく学生のことを、様々な仕方で見ている大人を「博士たち」と呼んでいるのだろう。遠野の連作について田丸まひるがウェブサイト「詩客」の時評でと否定的な見解を示し、十二月上旬までに遠野からの反論・田丸からの再反論が行われた。田丸の評言が詩的であるため、議論としてやや上滑りしている感があるが、田丸は、虐待というテーマを扱うには、遠野の作品の質が不十分なのではないかと疑義を呈したかったものと理解した。この疑問についてさらに議論されてよいだろう。歌壇賞も飯田彩乃が受賞したとの報があり、遠野と共に未来会員が受賞することとなったことを一会員として喜ぶ。また、ここ五年から十年の間、主な新人賞で京大短歌会と早稲田大学短歌会の会員やそのＯＢ・ＯＧが活躍していたが、鈴木加成太の属する阪大短歌会や昨年の短歌研究新人賞受賞者である石井僚一の属する北海道大学短歌会のほか、今年の新人賞候補者の所属先を見ても、東大の本郷短歌会、九大、外大、奈良女など様々な名が見える。大学短歌会全体でのレベルが上がっているのだろう。確かに、東京と地方とで短歌に関する情報やイベントの、量や多様さに格差があることは否めない。その一方で、大学という磁場が、新しい才能が現れる土壌を東京以外の地域にも形成し、発展させる契機となれば嬉しい。
キュレーションとしての短歌批評,中島裕介,「塔」二〇一五年七月号の大森静佳の時評「『批評ニューウェーブ』への疑問」に、久真八志がツイッター上で疑義を呈している。発端は中日新聞同年四月十一日付夕刊の山田航による時評「批評ニューウェーブ」である。（この時評でも過去に取り上げた）光森裕樹や田中濯らの、統計データや語彙分析を元にし、高い説得力を持った批評が現れてくる情況を山田は「批評ニューウェーブ」と評する。こういった批評が以下のような情況改善を産むという。また、山田はさらに次のようにもいう。このような山田の見解に、大森は一定の賛意を示した上で、と疑問を呈する。十月半ばになってから、久真がツイッター上で、この大森の時評に不快感を表明する。久真の反論は、〈計量分析をした程度で「客観的」だと考えること〉〈「数字やデータから読み取れることを抽出・分析するという批評」を「透明な批評」と評したこと〉だとまとめられるだろうか（三上春海がブログで大森への擁護とともに本件の経緯を整理している）。ところで、森田真生の『数学する身体』（新潮社）が十月に刊行された。森田は教育機関や研究機関に属さずに数学の研究や普及に努める、三十歳の気鋭の独立研究者である。同著は、数学者・岡潔に特に心を寄せて、〈数学と、身体や心〉の関係やあり様に迫ってゆく。岡潔は「情緒」という言葉を好んだというが、森田もという。大森の時評については、私も久真と概ね同様に考える。確実な知を求める数学にすら情緒があるのだ。計量分析でも短歌から情緒が失われはしないだろう。考える対象の決断も、情報を集めて分析した後の解釈もまた、人が行っている。それは、批評で扱う歌集や歌を選び解釈するのと、実は大差ないのではないか。私が「未来」時評の最初に触れたように情報が氾濫する昨今、「情報のノイズの海の中から、特定のコンテキスト（ここでは「モノの見方・結びつけ方」：中島注）を付与することによって新たな情報を生み出す」（佐々木俊尚『キュレーションの時代』（ちくま新書））ような、〈キュレーションとしての短歌批評〉もまた、歌集を読み解く批評と共存してよいのではないだろうか。
「水仙と盗聴」問題,中島裕介,角川「短歌」四月号特集「次代を担う２０代歌人の歌」に掲載された連作「塩と契約」の一首目である。この一首について小池光が「まったく手が出ない」と評したところから、この一首の解釈にとどまらない、短歌の読解に関する議論が巻き起こった。服部自身が「歌壇」六月号の時評でという、暴論とも言える発言を行ったことで議論は加速した。さらに服部は「歌壇」九月号の時評で、「歌壇」六月号での服部発言を受けた「短歌研究」八月号における内山晶太の時評のに対して「これが私の言いたかったことに近い」と表明している。角川「短歌」十月号の歌壇時評「名詞萌えの放恣」で大辻隆弘は「内山の意見は至極まっとうなものである」と評価した上で、服部の「歌壇」六月号における「ひとりの人間の言葉は」以降を指してと指弾する。この大辻の、服部発言の解釈には私も同意する。さらに大辻は、「現代短歌新聞」八月号のインタビューにおける服部の「名詞萌えをするタイプですね。ぐっときた単語を、歌の中におけないかな、といじったりしながら作ることが多いです」という作歌姿勢を指して、と断ずる。「名詞萌え」か「助詞・助動詞萌え」か、と聞かれればおそらく「名詞萌え」型だろう私は、大辻の問題意識はわかるが、「放恣」とまで言われると違和感を覚える。服部の「名詞萌え」発言を受けて、大辻とは反対に、名詞の可能性を見出しているのが、「塔」十月号の時評における大森静佳である。大森は斉藤斎藤が「歌壇」二〇一二年十月号に書いた「てにをはの読解が第一」を援用しながら、と擁護する。心情的にはこちらに賭けたい。
視覚と短歌のしあわせな関係,中島裕介,笹公人の第一歌集『念力家族』（初版は宝珍。文庫版は朝日新聞出版）を原案としたＮＨＫのテレビドラマが今年四月から放映されている。一話が十分で構成され、九月に全十六話の最終回を迎える。歌集の映像化というと最近では小島なおの『乱反射』の映画化が思い起こされるところだろう。ドラマ『念力家族』を観て私が最初に驚いたのは人物造形の工夫だ。例えば、文庫版は分からないが、宝珍版『念力家族』の同名の連作に登場する「弟」は、ドラマに影も形も登場しない。他方、ドラマのストーリーは歌集中の「妹」と、他の連作「生徒会長レイコ」に登場する「レイコ」とを翻案したキャラクタを軸に展開する。例えば、歌集ではとなっている歌が、ドラマ第二話のタイトルでは「憧れの山田先輩念写して微笑む春の玲子無垢なり」となり、元々別人として構成されていた人物をまとめる形になっている。ドラマ自体を見やすく、楽しみやすくするためだろう。テレビの映像ではないが、イラストレータが、自身の好きな短歌をイラスト化した本も最近刊行された。安福望『食器と食パンとペン私の好きな短歌』（キノブックス）である。「未来」の会員の歌も多数イラスト化されている。この本を開くと、イラスト自体の視覚的な魅力はもちろん、歌に描かれた情景に対する安福の解釈、そこからさらに押し広げたイメージを描いている点に魅かれる。例えば、山階基のに対する安福のイラストは、水色の服の背の、傷があった部分から樹の枝が生え、青い鳥の巣を支えている。傷のあった服に対する自己の許しが、なかなか見つからない幸せ（として青い鳥）を支えるという象徴的な描写はなかなか感動的だ。他方、映画から影響を受けた短歌について考察している論考もある。「玲瓏」の五十嵐淳雄が「塚本邦雄の映画手帳」と題された不定期連載を「短歌研究」二〇一三年十一月号から行っており、二〇一五年八月号で十回を数える。この連載は、塚本邦雄が自身の鑑賞した映画についてメモを残した、一冊の手帳に、五十嵐が多角的に分析を加えたものである。この映画手帳に残されたメモは、一九五八年から一九八八年までの三十年にもわたるもので、映画を観た日や題名などが、コメントもなく列挙され、ページによっては映画のスチル写真が貼り付けられているという。その手帳に挙げられた映画作品はもちろん、五十嵐は、その原作小説や日本語版の訳注、塚本の映画に関する著作など様々な資料を比較・検討している。その上で、塚本の歌の着想過程を丁寧に追い、時にその解釈について大胆な提案をしている。例えば、という歌について、オーソン・ウェルズ監督、カフカ原作の映画「審判」と、塚本の著作を照合し、無人郵便局のような不条理な世界のなかで「定型のパラダイムを突き破ろうとする意志を持った」塚本自身の姿を五十嵐は見て取る。このような五十嵐の仕事はとても興味深く今後の連載も楽しみである。映像やイラストのような視覚に訴える表現と、短歌を含む文字表現が互いに影響を与え合う。短歌にとってよりよい関係が、さらに育まれると私も嬉しい。
戦争と、もう一度虚構のはなし,中島裕介,例年のことではあるが、夏には総合誌でも戦争や戦後の短歌に関する特集が組まれる。今年は戦後七十年であり、政局の動きもあってか、「歌壇」六月号、同八月号、「うた新聞」八月号はなど、いずれの特集も力が入っている。「短歌研究」八月号は特集「戦後七十年をふりかえる」とともに、終戦後最初に刊行された、日本短歌社時代の同誌昭和二十年九月号を巻末に収録している。角川「短歌」八月号は特別企画「戦争の肉声」として岩田正に永井祐が戦争体験をインタビューしている。ここで岩田は戦争における〈嘘〉について繰り返し話す。ここで〈嘘〉の話を緩やかに受けて、〈虚構〉へと話題を変える。なお、〈虚構〉に関わるものが、戦争に即関係するものではないことを予め申し添えたい。「北冬」第一六号は井辻朱美責任編集であり、「［井辻朱美］について考える」と「［現在の短歌］について考える」の二つの特集が並ぶ。いずれの原稿も充実した特集であるが、ここでは黒瀬珂瀾「［現在の短歌］における虚構」を取り上げる。黒瀬は、松宮静雄が〈ＳＦ短歌〉の名を初めて冠して一九八〇年に刊行した歌集『ＳＦ短歌ウルの墓』を挙げて、と、短歌（連作）の叙事詩的機能を示す。他方、ＳＦのような〈虚構〉の世界を短歌で作り上げる際、小説のように、読者の知識を補うような描写ができない。そのため、作品を通じて形成しうる〈虚構〉の世界は読者の知識に依存し、「現実生活に直結する感情を紡ぐことになる」。この点を黒瀬はと示唆する。角川「短歌」八月号の大辻隆弘の時評は、黒瀬の論とも通底するところがある。大辻は「本郷短歌」第四号に掲載された安田百合絵の評論「『短歌契約』試論」を取り上げているのだが、安田の評論はフランス文学における〈自伝契約〉という概念を足がかりにしている。つまり、〈自伝〉の書き手と読み手の間には、その自伝の「作者と語り手と主人公は全て同一である」というお約束ともいうべき〈契約〉が前提とされているという。安田はさらに短歌の作者と読者の間にも〈短歌契約〉というべき「生身の作者と私像と作中主体は全て同一である」というお約束が暗黙裡に結ばれているとし、現代フランス文学において〈自伝契約〉が無効になったのと同様に、〈短歌契約〉も無効になりつつある一方、〈新たな短歌契約〉が可能かどうか問題提起をする。安田の論をうけて大辻は「現代短歌は、近代以後への過渡期にあるのだろう」という。先に上げた黒瀬の評論で「作者が現実を違えた作品の『虚構性』を生み出すのはモラル観という読者側の感情だ」と黒瀬はいう。だとすると、〈新しい短歌契約〉が「虚構性」を容れるものならば、読者自身のモラル観自体も新しくなることが〈新しい短歌契約〉を結ぶ前提になるだろう。
新装版『uta0001.txt』など,中島裕介,二〇一五年五月一日、中澤系の歌集『uta0001.txt』が双風舎より復刊された。中澤系は一九九七年に未来短歌会に入会、難病に冒され、二〇〇四年に歌集『uta0001.txt』がさいかち真氏らの尽力により雁書館から刊行された後、二〇〇九年に没している。二〇〇四年の雁書館版の『uta0001.txt』は増刷分を含めて八〇〇冊が流通したようだが、二〇〇八年に雁書館が廃業している。代表歌といえば、この巻頭歌だろう。この歌集の復刊に関する詳細はウェブ上のtankafulの、本多真弓氏の手による「歌集復刊～中澤系プロジェクト～」と題された一連の記事に詳しいが、二〇一二年から批評会を開催したり、中澤氏の家族や出版社に連絡を取ったり、さらには刊行直前に中澤系当人による〈本人版〉とも言うべき歌集のゲラを発見し反映するなど、長期に渡り作業を行われたようだ。まずは本多氏やご令妹の書道家・中澤瓈光(りこう)氏をはじめ、復刊に尽力された方々を讃えたい。六月六日には紀伊國屋書店新宿本店のイベントスペースにて「歌人・中澤系が生きた時代、そして今」が開催され、穂村弘と、新装版『uta0001.txt』に特別寄稿をしている社会学者・宮台真司のトークが行われた。このイベントで穂村は、雁書館版の栞（新装版にも収録されている）でと述べたのと同様の解釈を示しつつ、斉藤斎藤や永井祐といった歌人に先行する者としても位置付けられることを示した。宮台はバブル期からその後を共有する同時代人として、自身のうつ病体験などから中澤系の短歌への共感と理解を表明した。ところで、演劇の分野では田村公人『都市の舞台俳優たち―アーバニズムの下位文化理論の検証に向かって―』（ハーベスト社）という本が話題になっている。副題になっている「アーバニズムの下位文化理論」とは、東京のような大都市圏では、その人口の多さゆえに多様なネットワークが形成され、社会常識のような一般的・支配的な通念とは異なる通念・考え方・価値観が生まれてくる、とする理論である。この説の実例を求めて、『都市の舞台俳優たち』の著者は東京の小劇場劇団に十二年以上関わり、高額のチケットノルマ――公演にかかる費用を確保するため、俳優やスタッフが売りさばかなければならない一定数のチケットのこと。売れなかったチケットの代金は俳優たち自身が自己負担しなければならない――やその売り方、そして金銭的・家庭的など様々な事情により演劇を離れてゆく人々を観察・調査したのである。この著書で述べられているのは小劇場演劇の世界であるが、〈下位文化〉という点では短歌も含め、「商売にならない」文化全般と通底する。大都市圏とそうでない地域とでは短歌に関する状況は異なるだろうし、チケットノルマのように、歌人も様々な経費を自己負担している。歌人にも同書を面白くご覧いただけるだろう。新装版『uta0001.txt』の再刊にあたっては一千部を刷り、歌壇への謹呈――いわば、歌壇におけるチケットノルマの自己負担――を行わずに初版の大部分が売れ、さらには二〇一五年七月に重版が行われるという。同書のさらなる展開が楽しみである。
連作について,中島裕介,角川「短歌」五月号の特集は「連作を極める」。「第六一回角川短歌賞〆切直前」と副題がついているのだから〈連作の構成が角川短歌賞への近道である〉と賞側から投げかけられているかのようである。そして、〈構成が賞への近道〉であるのは恐らく事実だろう、と新人賞に縁のない身としても想像できる。特集の執筆者は大松達知、今井恵子、大辻隆弘、梅内美華子、光森裕樹、山田航、大森静佳、伊波真人の八名。近年の角川短歌賞受賞者である後四者は「受賞者が明かす『工夫』したこと」とまとめられており、原稿依頼の段階で新人賞受賞時の〈工夫〉について書くよう指定があったのだろう。中でも山田の〈工夫〉はかなり具体的で、大辻や今井の論じる「連作の構成法」が作者の立場から、露悪的なほどあけすけに、しかし分析的に書かれている。例えば「冒頭一首目、二首目とラスト一首目、二首目。この四首には自信作を入れておいてください」「序盤十首と終盤五首に統一されたムードがあれば、それだけで全体の空気感も十分に支配されます」。さらに新人賞応募作については「新人賞は『伸びしろ』を重視しますので、わざと完成度低めの歌を一割くらい入れることも戦術の一つです」という。――連作全体の空気感を壊さない〈完成度低めの歌〉を意識的に配置できる技量がある人は、さっさと新人賞を獲って勝ち抜けて欲しい……と考えるのは野暮なのだろう。同誌が扱ったものが読者にとってプラグマティックに「短歌連作をうまく作る方法」について語っている一方、連作と短歌の関係を本質的に探ろうとする評論もある。例えば同人誌「率」第七号の特集「〈前衛短歌〉再考」に瀬戸夏子が寄せた巻頭言は興味深い。連作という形式によって、作者とは異なる〈作中主体〉のキャラクタ要素が構成される、その要素により読者は歌それ自体ではなく、背後にいる〈作者〉を理解できると思い込む。この見解に私は同意する。北海道大学短歌会の会誌「北大短歌」第三号で三上春海が「〈現代短歌〉とは何だったのか」という意欲的な評論を発表している。この評論の中で三上は、穂村弘の『短歌の友人』所収「モードの多様化」にあるという一節に注目し、この〈生の一回性〉の原理を下支えするものとして、〈連作〉〈歌集〉〈歌壇〉の存在があるという。三上は、〈連作〉についての分析の過程で派生したであろう論考を自身のブログに記し、その後の光森裕樹の指摘と共に公開している。こちらも〈連作〉と〈自我〉、〈生の一回性〉を考える上で興味深いものとなっている。
「次代を担う」,中島裕介,ある総合誌の編集者の方から酒席で聞いたことなので詳細は不正確だが、その総合誌の購読者層の八割以上が六十歳以上なのだそうだ（会員諸氏の想像通りだろうか）。そして、その多くは歌壇や文学全体への関心が高くない。そのためだろう、若手に焦点を当てた特集を組むと売上がガクンと落ち込むのだという。「短歌研究」は毎年十一月号に「新進気鋭の歌人たち」という特集を組んでいるが、他の総合誌が立て続けに若手特集を組んでいる。先の〈売上〉の話を考えると、近年の学生短歌会の活況を考慮してもなお特異な事態だろう。結論めいたことを先に言えば、若手を取り上げることはそれだけでも喜ばしい。若手歌人が短歌の歴史的文脈にどのように接続し得、どのような新しい豊かさをもたらすのか――これが継続的に問われなければ短歌全体がより豊かになることはない。二〇一五年十一月号の「短歌研究」の特集で取り上げられたのは一九六一年生まれの木下こうから一九九二年生まれの寺井龍哉までの十二名。短歌研究新人賞の受賞者である石井僚一をはじめ、同賞の候補に挙がった者を中心に、木下や楠誓英ら、話題の第一歌集を刊行した者が加わる構成となっている。「短歌往来」は二〇一五年一月号に「次代を担う歌人のうた――自選三〇首」をまとめている。一九六八年生まれの千葉聡から一九八九年生まれの大森静佳までの二十二名が自選三〇首とエッセイを掲載している。短歌研究新人賞を一九九八年に受けた千葉や二〇〇六年に現代歌人協会賞を受けた松木秀、「未来」選者の黒瀬珂瀾を含む。ここ十五～二十年に台頭し、評価が安定して高い歌人が含まれており、幅が広すぎる気もするが、「短歌往来」は毎号「今月の新人」に一ページを割いており、そちらとの差別化を図ったと見ることもできよう。角川「短歌」は四月号に「次代を担う二〇代歌人の歌」。こちらは刊行時点で二十代の、角川短歌賞以外の賞を含む新人賞受賞者十名が登場。新作七首を発表するとともに、この七首に対して佐佐木幸綱・馬場あき子・花山多佳子・小池光・岡井隆が二名ずつ評を加えている。この評が――おそらく編集部からの要請だろうが、一部なりとも批判を含んでいる（当然のことながら、〈批判〉は悪いことではない。問題だと思われる部分を指摘する／されることに、〈次代への可能性〉がある）。「歌壇」五月号は「次代を担う注目の新人たち」。年齢が記載されていないがおそらく二十代から四十代の、二十三名が寄稿。二〇一四年の歌壇賞受賞者である佐伯紺や、第一歌集を既に刊行している木下龍也や瀬戸夏子、二〇一五年の歌壇賞候補者など、結社や同人誌が重ならないように配慮されている（その点、二〇一五年の歌壇賞受賞者である小谷奈央が寄稿していないのはやや不思議である）。結果的に、今回取り上げた四誌の中では最もフレッシュな層を汲み出そうとする意図が見受けられた。その積極性を評価したい。ところで、「短歌研究」以外三誌の特集の題名を見ると共通して「次代を担う」というフレーズが含まれる。「次代」はどんな「今」の次なのだろう？
「よむ」ことと「論ずる」こと,中島裕介,松澤俊二による『「よむ」ことの近代和歌・短歌の政治学』（青弓社）が二〇一四年末に刊行された。この本は、序章の節題に「「近代短歌」研究から和歌・短歌の「近代」研究へ」と記されているように〈近代短歌〉という観念に縛られてはいない。近代以前の和歌と短歌の連続性や、「非専門的」な歌人や読者への考察、そして作者の〈詠む〉意図だけでなく読者の〈読み〉についても豊かな考察を加えている。これにより同書は、作者の意図を追求するような文学研究に留まらず、「近代」研究に踏み込んでいる。第一章から第三章までは天皇制と和歌・短歌の関わりから日本の近代を彫琢しており、特に面白い。第三章・天皇の「御製」歌について扱っている箇所から引く。松澤は、学生時代には國学院大学短歌研究会や「PUNCH-MAN」に所属、現在も同人誌「pool」に所属している。「pool」の初期には松澤の短歌が掲載されており、その〈詠む〉体験と〈読まれる〉体験がその後の研究や「pool」等での評論につながっているのだろう。「pool」八号には『「よむ」ことの近代』の序章にあたる評論が掲載されているので、気になる方はこちらを先にご覧になるのも一手だろう。歌書ではないが、松澤の本と同時期に刊行された大澤聡『批評メディア論』（岩波書店）も非常に興味深い。松澤が「詠むこと」と「読むこと」の両面から近代に対する問いを立てた。これに対比させれば大澤は、一九二〇～三〇年代における「論ずること」と「論が知られること」（メディア）との両面から、戦前期の論壇・文壇が形成される過程と、〈専門的な〉論者・読者と〈非専門的な〉論者・読者――〈大衆〉の分化が明確化したことを示している。同書の先に見据えられている問題の核は、ここで論じられている戦前期から連綿と続く、現在の批評や論壇、文壇の情況にある――そして、大澤の視野には入っていないだろうが、結果的に現在の歌壇にも該当するものだろう。新聞や雑誌といったメディアの発達により、処理しきれないほどの大量の小説作品や評論が発表されるようになり、それらを〈教養〉として吸収／消費することが求められた大衆のために、小説や評論を要領よくまとめた時評や座談会が求められる。その中で評価と知名度を得た評論家をスターとして祭り上げ、様々な媒体はスター評論家を繰り返し招くようになる。大澤は更に、当時のメディアが新人発掘や議論の活性化を図った方法を論じている。詳細は同書をご覧いただきたい。
ＴＰＰと文学のはなし,中島裕介,角川「短歌」二月号の時評に田中濯が「短歌をお金持ちの玩具にしないためにいまできること」を寄せている。著書『二十一世紀の資本』で所得格差が拡大する歴史とメカニズムを指摘したフランスの経済学者トマ・ピケティを枕に、光森裕樹が作成した一九七九年から二〇一四年までに刊行された歌集のグラフを参照し、歌集出版社に対しては「歌集出版費用を（中略）できるだけ安くして欲しい」と訴える。その一方で、短歌の読者に対しては歌集出版費用が安価で抑えられる電子書籍について次のように述べる。田中は先日第二歌集『氷』（角川学芸出版）を刊行したが、その経験を経ての訴えである。私は田中のこの姿勢に同調する。ところで、二〇一四年二月に入って、環太平洋戦略的経済連携協定――いわゆるＴＰＰに含まれる内容のうち、著作権について保護期間の二十年延長と非親告罪化で大筋合意に至ったというニュースが流れた。著作権の保護延長問題が表面化した二〇〇六～七年頃の議論を受けて刊行された『著作権保護期間延長は文化を振興するか？』（田中辰雄・林紘一郎編著、勁草書房、二〇〇八年）、特に丹治吉順「本の滅び方：保護期間中に書籍が消えてゆく過程と仕組み」と田中辰雄「本のライフサイクルを考える」の二論文は示唆に富んでいる。これらの論文は、執筆された時点で死後五十年が経過していない、つまり著作権が有効な一九五七年から六六年に亡くなった一七一〇人の著作の出版状況を検証している。丹治の論文によると、一七一〇人のうち約一三〇〇人は没後に一冊も本が刊行されない。一冊だけ刊行されるのも約三〇〇人。残り一〇〇人ほどの人々の著作ですらなかなか手に入らない。没後も一〇〇点以上の本が刊行されるのはたった四人。文化的・資料的価値が高くとも、五十年のうちにほとんどの著作者や著作物は人の目に触れる機会を得られない。著作権が死後七十年に延長されれば、パブリックドメイン化する（知的財産権がなくなる）頃には、今以上に膨大な数の著作者・著作物が存在すら忘れ去られていることだろう。芥川龍之介が一九一九年に発表した「後世」という文章から一部を引用しよう。あの芥川ですら、自作が後世の人に影響を及ぼすことを気弱に願ったのだ。凡百の我々が作るただの一首でも後世に残るには――残る可能性を少しでも高めるには、田中が訴えたように、出版コストが低い電子書籍版の歌集を受け入れるのも一案だ。その方が、作者としても読者としても、歌人・歌壇にとって長期的に有益なはずだ。
結社の外部は何の内部か,中島裕介,角川短歌賞受賞者の光森裕樹が運営するサイトtankafulが面白い。このサイトは光森が編集を担い、当人以外からの寄稿も募っているようであるが、今回は光森自身の記事に注目したい。昨年十二月に「短歌結社の５年を数える」、今年一月に「短歌に関わるなかで不便に感じていること：アンケート結果より」という記事を光森が寄せている。前者は二〇〇九年から二〇一四年の角川『短歌年鑑』に掲載されている結社の数が約十五％減ったというデータを提示し、後者はtankaful自体の運営についてアンケートを取った結果を開示しているものだ。特に後者のうち、「日頃、短歌に関わるなかで不便に感じていることや気になっているテーマ」という設問があり、その回答をここで幾つか紹介しておきたい。「主に物理的、経済的要因からイベントに参加しづらい」「歌集が入手しづらい」などの回答があったほか、結社については「結社誌などにおいて、分かち書きや横書き、あるいは平仮名を多用した長い歌などを提出しづらい」「結社の由来、歴史、結社誌面の構成など、口伝えにしか分からないことが多すぎる。全部wikiのような形式でまとめて欲しい」「数ページでも良いので、結社誌の見本がネットで確認できると良い」といった意見があったようだ。「未来」の（特に若い）会員であれば、入会前に同じ悩みを持ったこともあろう。結社が減りつつある中でなお生き残るには、結社の外にいる人の意見・要望を取り入れる必要が出てくる。角川「短歌」二月号の特集「入門書では教えない私のウラ作歌法」で林和清が「玲瓏」入会時に塚本邦雄から受けたアドバイスを披露している。もちろん、短歌・和歌にも極めて詳しい塚本の発言だ。どんな人でも鵜呑みにしてよいアドバイスではないだろう。とはいえ、「短歌のために、短歌以外の分野のことを懸命に学ぶ」というのは結社だけではなく、個々の短歌作者にとっても必要な要素なのではないか。他分野と繋がった短歌をこれまでも紹介してきたが、また別の一例を紹介したい。昨年末のことだが、Twitterに「偶然短歌bot」なるものが登場した。「bot（ボット）」とは「ロボット」を語源に持つ、人に代わって自動的に決められた行動を繰り返すプログラムのこと。偶然短歌botは、誰もが編集可能なインターネット百科事典であるWikipedia日本語版のうち、たまたま五七五七七になっている箇所を抜き出して自動的に発表するbotである。前者はボディビルダー・タレントのマッスル北村氏の、後者はＰＣゲーム「ダンジョン・マスター」のWikipediaの記事から生成された〈偶然短歌〉だ。今年一月に入り、ハフィントン・ポストやWEDGEといった知名度の高いニュースサイトでも取り上げられ、偶然短歌botには今や三万人以上のフォロワ（Twitter上のファン）が付いている。こういう機会からでも短歌に触れる人が増えると嬉しい。
「中東短歌」と『書き出し小説』と私,中島裕介,二〇一三年四月の第一回文学フリマ大阪から刊行が開始された「中東短歌」が、予定通り第三号をもって終刊となった。三号とも充実した内容で、第三号に掲載された中では三井修と千種創一の評論と、齋藤芳生と短編小説作家イブラーヒーム・サムーイールとの対談が特に興味深い。千種の評論「短い歌と短い小説についての短い仮説」によると、アラブ世界では、聖書やクルアーン（コーラン。イスラム教の聖典）、千夜一夜物語などの素地に加えて、欧州のメディアや知識が流入したことで、短編小説が長編小説と並ぶ一分野として確立されるに至っている、という。千種はアラブ圏の短編小説の傾向を整理した上で、短歌との共通項として①短さ、②言語濃縮、③写実主義的(リアリズム)傾向、④見せ掛けの簡易性、⑤テーマの単一性、⑥メディアとの結びつきを挙げ、アラブ世界の短編小説と日本の短歌のいずれもが近代化の中で似た位置を占めているのではないか、という仮説を提示する。齋藤とイブラーヒーム・サムーイールとの対談「シリアとの距離を埋めるもの」は、千種の仮説と響きあうかのように、アラブ圏における短編小説と日本における短歌の共通項を模索している。齋藤の住む福島の震災・原発被害とサムーイールが国を逃れざるを得なかったシリアの戦乱、インターネットの文学への影響などが語られた後、サムーイールは短歌における一人称的傾向について質問し、以下のように続ける。ところで、最近、天久聖一『書き出し小説』がベストセラーになっている（Amazonのランキングによると、二〇一四年十二月十八日の刊行後、文庫や写真集なども含めた本全体の売上で最高一八六位（十二月二十日）。日本文学に限定すると、私が視認した限りで発売後二週間は一位に座しているようだ）。「書き出し小説」は読者投稿を扱った著作でも知られるマンガ家の天久聖一が考案した、「文字通り書き出しのみによって成立したもっともミニマルな文学形式」であるという。同書はウェブサイト（二〇一四年末時点での最新記事はhttp://portal.nifty.com/kiji/141227165959_1.htm）を通じて投稿された三万作から四二一の「書き出し小説」を選び出したもので、作家の長嶋有も別名で投稿したことがあるそうだ（http://joshi-spa.jp/23658）。歌評のように、これらの「書き出し小説」の魅力を引き出しながら読もうとするならば、みなさんはどう読解するだろう。作中で状況を認識している主体を敢えて「作者そのもの」と捉えるのではなく、このあとに登場するであろうキャラクターや小説らしい三人称文体、あるいはこれらのサムーイールが述べた「集団としての私」だと捉えるのではないだろうか。もし読解する際の姿勢の違いが異なるならば、その原因は短歌や小説といった形式に起因するのか否か。この点は今後も議論したい。うごく短歌、再び中島裕介二〇一四年夏の未来短歌会の、夏の大会一日目で実施されたシンポジウム「この十年の『未来』と短歌会」の採録が十二月号に早速掲載されている。中沢直人による「未来」年表と、十二月号におけるまとめは、未来短歌会と歌壇全体の動きを思い返す上で優れた仕事である。他方、このシンポジウムをご覧になった方は後半の、主に斉藤斎藤と大辻隆弘の間で交わされた口語と文語、そして〈私性〉に関する議論も刺激的に記憶しているのではなかろうか。採録でも両名が言及しているが、シンポジウム後もTwitter――インターネット上のミニブログサービス――を通じて、斉藤と大辻はより議論を深め、総合誌等でも関連する評論を発表している。主に比較対象とされているのは斎藤茂吉と永井祐である。まずは両名の評論で多く引かれている歌を挙げておく。まず、（永井のこの歌についてではないが）「短歌人」九月号における斉藤斎藤が時評「口語短歌の「た」について」でと分析している。「短歌往来」十一月号には大辻隆弘が「浮遊する「今」」を寄せ、「短歌研究」十一月号の特集「短歌の〈わたくし〉を考える」では大辻が「三つの私」、斉藤は「文語の〈われわれ〉、口語の〈わ〉〈た〉〈し〉」が並ぶ。基本的に大辻も斉藤も共通した認識を持っており、乱暴にまとめれば・・斉藤斎藤が「短歌研究」に掲載した表がわかりやすい（図1及び2。時間表現に関する「テンス（時制）」――表現された行動が現在・未来・過去のいずれを指すか――と、「アスペクト（相）」――その行動がどのような長さを持っているのか――については言語学の入門書に大抵載っている）。斉藤と大辻に差があるとすれば「文語と口語の差を理解した上で、自分はどちらに賭けるか」という作家としての挟持だけだ。両名の論作両面を今後も興味深く待ちたい。なお、斉藤は、口語と作中主体に対する問題意識を十年近く持ち続けてきた。「短歌人」二〇〇五年二月号に掲載された評論「うごく短歌」を引用しておこう。哲学から遠く離れて中島裕介最近、角川「短歌」や「短歌研究」で他分野の専門家と歌人の対談がやや増えている。読み物としても面白いことが多い。他方、今年の八月二十三日、未来短歌会の横浜大会と同じ日に、塔短歌会の六十周年記念全国大会が開催された。大会直前に、塔短歌会の主宰が永田和宏から吉川宏志へ代わることが記者発表されたことは、ご存知の方も多いだろう。その大会では鷲田清一・内田樹・永田和宏の三名による「言葉の危機的状況をめぐって」と題された鼎談が催されたという。鷲田と内田は共に、現代哲学の一分野である現象学を研究する哲学者・倫理学者。今では、鷲田は大阪大学前総長、内田は作家・思想家というイメージが強いだろうか。個人的なことだが、私は学生時代に鷲田と内田の著作や訳書に触れて哲学に関心を持った。そんな二人が短歌やことばについて話すというのだから、未来短歌会の大会と日程が重なっていなければ京都まで鼎談を聞きに行きたかった。近年の未来短歌会の全国大会でも作家の町田康を招いたことは記憶に新しい。「未来」の編集後記で岡井が度々書いているように、未来短歌会の大会等の場に他分野の専門家を招き、共に短歌について考える機会がさらに持てると楽しそうだ。ところで、今年七月には哲学者・批評家の千葉雅也が『別のしかたでツイッター哲学』を刊行した。ツイッター（Twitter）は一四〇文字以内という文字制限の中で、「ツイート」（呟き）と呼ばれる短文を投稿・共有するウェブサービスである。『別のしかたで』は、三十代半ばの千葉が二〇〇九年から二〇一四年までにツイッターに投稿した哲学や芸術に関する思考や日常のツイートを再構成した本だ。あとがきにこんな一文がある。千葉の前著『動きすぎてはいけない』もそうだが、千葉の哲学的関心は、見落としや疲れといった、人間の〈有限性〉ゆえに他のヒトやモノから切り離されてしまうことにある。――怖がる必要はない。先の引用を乱暴に、短歌向けに言い換えれば「短歌には定型（＝非意味的切断）があるから、作者の気持ちをひとまとまりの作品にできる（＝個体化）。」という、よく言われるフレーズに収め得よう。ただ、〈定型〉を契機にして哲学的に考えうるように、短歌のいろんな側面から他の分野と繋がりうる可能性が、きっとまだまだある。なお、『別のしかたで』には短歌にも通じるツイートがいくつも掲載されている。虚構を読みうる場はどこか中島裕介第五十七回短歌研究新人賞は石井僚一「父親のような雨に打たれて」に決まったことが「短歌研究」二〇一四年九月号にて発表された。その後、同誌十月号には短歌研究新人賞の選考委員の一人である加藤治郎による特別寄稿という形で「虚構の議論へ」が掲載されている。「選考委員は石井の受賞作を「実父の死」を主題にしたものと読んだが、石井の実父は存命である」ということに対してある種の〈問題〉提起を行うものである。ただし、この〈問題〉が（歌壇的な場に）及ぼす影響とその範囲はなかなか想像しにくい。石井の作品をいくつか見ておこう。ここで挙げた一首目は実父から観た祖父像であるが、二首目を境に作者自身の実父への心寄せに焦点が移行している。加藤の〈問題〉提起の焦点は大きく分けて二つ。①新人賞の選考において、受賞作と前衛短歌との関係が選考委員には分からないこと、②石井が、「自身の父親は存命中だが、『死に際の祖父をみとる父の姿と、自分自身の父への思いを重ねた』」というネタバレ（背景説明や楽屋オチ）を「短歌研究」本誌ではなく、最初に石井がインタビューを受けた北海道新聞で行ったこと、である。この影響を〈狭く〉見積もれば、石井が作品イメージを戦略的にコントロールしていないことへの批判、ネタバレ情報を北海道新聞新聞より「短歌研究」に先に提供するという信義則に則らなかったことへの批判に限られる。〈広く〉影響する可能性を想像してみると、新人賞応募作品における傾向と対策がより入念に練られる情況の到来、匿名で行われる現行の新人賞の仕組みにも繋がるかもしれないというあたりだろうか。ところで、「歌壇」八月号の特集は「短歌の空想の力――フィクションとファンタジーの魅力」と題されており、その総論として斉藤斎藤が「読者にとって「空想」とは何か」を寄せている。斉藤は大辻隆弘の『子規への遡行』を援用して、Ⅰ一人称単数、Ⅱ単元描写（連作や歌集中で作中主体が一貫していること）、Ⅲプロフィールとの一致、の三つの条件を挙げ、と上手くまとめている。短歌研究新人賞の話に戻る。加藤自身も前掲稿で虚構が全面的にダメだと言っているわけではない。ただ、石井の作品は斉藤のいうⅡ単元描写という点で「踏み外」す企図があったが、その企図が選考委員には通じていなかった。企図が全部通じなくても新人賞が獲れるならそれはそれで羨ましい話だが、加藤の稿は「作品の企図をなるべく読者に伝わるよう意識してほしい」という激励と捉えるのが妥当なところだろう。石井僚一は同誌十一月号でなんらかの応答をすると聞いている。その内容がどのようなものになるか楽しみにしている。展示される短歌、そして都市中島裕介『本・ことば・デザイン』展と題した展示が東京・六本木にある東京ミッドタウン・デザインハブにて八月二九日から九月二八日まで開催された。ブックディレクターである幅允孝が「『デザイン』を感じる本と、その本の中でもっとも印象に残るテキスト、それら本来は目に見えない言葉というものを展示会場で視覚化」することを目的として本展を構成したという。短歌からは穂村弘が参加しており、穂村はこの展示で扱う本として『葛原妙子全歌集』を選び出し、そこから三首を展示に使用している。展示会場は美術大学や関連団体による共同オフィスの、幅の広い廊下が使用されている。その廊下の一角の、天井付近に円形の三枚の白い紙が層状に設置されたものが穂村の展示だ。(図1)ここで挙げられた三首はいずれも都市の情景を見通したものである。天井付近という見落としそうな位置に置かれていることも印象的だ。八月三一日から九月十五日までの間には、東京・麹町にあり、十月には取り壊されることが決まっている九階建てのビルをまるごとアートで覆うイベント「BCTION」が開催された。このイベントには青木麦生と佐々木あららの両名が短歌の展示で参加した。青木麦生は二〇〇七年から自作短歌を、カッティングシート（色付きの薄い塩化ビニール）を用いて町中に貼り付ける展示をしており、今回は青木と佐々木両名の作品計二十三首が展示されている（筆者は女子トイレの展示までは視認していないが）。例えば、鏡が床に置かれ、天地が逆転したように見える空間に、このような歌が展示されている。（図2）穂村の〈デザイン〉としての展示と、青木・佐々木の〈アート〉としての展示の区別と効果について論じる紙幅はここにないが、いずれも歌集のなかに留まらない短歌の表現として非常に興味深い。短歌、あるいは歌がはらむ詩性とは、その作品に向き合う中で、読者（あるいは作者）にとっての世界の見え方を変えるものだ。その変化のチャンスは歌集を読むときに限定されなければならないわけではない。都市の一隅に掲げられた、普段は見逃していた短歌をふと見かけることで、都市の、世界の見え方を変える人も現れ得る。これも一行詩としての短歌の強みであり、新たな可能性である。書を捨てよ町へ出よう――町に歌があるから。あたらしい結社のかたち中島裕介二〇一四年七月十九日、大阪府立大学が大阪・なんばで運営するまちライブラリーにおいて大阪短歌チョップというイベントが開催された。会場で販売された「大阪短歌チョップメモリアルブック」によると、このイベントの「企画」として短歌人会の天野慶、大阪で「空き家歌会」という歌会を主催する牛隆佑、新鋭短歌シリーズ第二期で第一歌集を刊行する岡野大嗣、昨年の角川短歌賞で予選を通過したじゃこ、投稿者の短歌に自作の写真を付けた雑誌「うたらば」を自費で刊行する田中ましろ、「短歌研究」のうたう☆クラブ大賞を受賞した虫武一俊の名が並ぶ。関西で、インターネットを通じて短歌に触れる十代から三十代あたりの人々にとってはよく知られる面々である。大阪短歌チョップは、簡単にいうと「短歌のための、大人の学園祭」だ。会場の各所で歌集の販売、ネット短歌を主題にしたシンポジウムのほか、塔短歌会の江戸雪への公開インタビュー、初心者向けの歌会やゲーム形式の作歌、競技かるたＡ級の歌人・三潴忠典による実演、短歌に添えられたイラストやマンガの展示などが行われる。「うたのかべ」と題した歌会は、投稿された歌二一七首が壁一面に掲出され、来場者が投票するほか、ＮＨＫラジオ「夜はぷちぷちケータイ短歌」で司会を務めた芸人だいたひかるや田中ましろらが選歌する。前者は来場者による投票で一位を獲得した歌、後者はだいたひかるが選んだ歌である。前者は活動的な社会とそうではない自分のあり様が異なって感じられることを部活動で言い表している点が面白い。後者は、相手とは異なる経路でどこかへ行くことをきっぱりとは言い切れない様子を表していると解釈した。先にも触れた「うたらば」は、各号によって異なるテーマに沿って詠草を公募し、田中が選歌し、写真と詩を添えて、田中の私費で刊行するフリーペーパーである。とてもカラフルで見やすく、短歌に興味がなくとも手に取る人は多いだろう。大野の定義に従い、結社と同人誌の主な違いを選歌――それ自体が階統制（ヒエラルキー）に基づくものだが――に求めれば、「うたらば」も大阪短歌チョップにおける「うたのかべ」も、特定の人物による選歌が行われる点で「結社」に近い。そう考えると「うたらば」は結社誌、大阪短歌チョップはその全国大会とも言い得よう。他方、島田修二は『抒情の空間』で、結社にはリーダーシップをとる指導者が一人または複数存在することを指摘した上で、「同人組織ではリーダーシップは集団そのものです」（P.60）と述べる。田中がどの程度リーダーシップを発揮しているのかは分からないが、大野のいう系譜性を排する一方で、同人誌的な〈なかよし〉感導入しているように見える。「うたらば」はあたらしい結社の在り方を示しているのではないか。作者の個人的属性、時代状況中島裕介歌の読解における、作者の個人的属性や時代状況の扱いについては以前から議論の多くなされるところだ。を挙げて、①作者の――性別や年令、作風などといった――個人的情報を適用しない読み、②作者の個人的情報としての来歴を適用した読み、③時代状況を適用した読みの三種類を提示する。その上で三枝は、①の読みが基本であるとしつつも、②と③の読みを適用しなければ「わかき日のからくれなゐ」という一節に込められた青春愛惜の情や、時代状況に対する危機と嘆きが把握できないことを示す。同じ特集の中で、中津昌子は岡井隆の『Ｅ／Ｔ』を扱い、作者が歌集全体を通じて演出的に個人的情報を読者に提供する仕方を、三宅勇介は幕末期の国学者・歌人の平賀元義の歌を読む際に国学の知識が必要となることを、それぞれ論じている。三枝の分類を敷衍すると、中津の論は三枝の②、三宅の論は③の重要性を扱ったものと言い得よう。「本郷短歌」第三号の特集「短歌ジェンダー――身体・こころ・言葉――」のうち、宝珠山陽太の評論は大口玲子『トリサンナイタ』と俵万智『プーさんの鼻』を引き比べつつ、一見すると真逆の印象を与えそうな両歌集が、いずれも近代的な〈母性〉という政治的に形作られたイメージを作中主体という場において戦略的に利用した点で共通した歌集であることを明らかにしている。服部恵典「『歌人』という男」は既に方々の時評でも論じられているが、過去十年の短歌研究新人賞を分析し、新人賞の選考委員が文体や感覚を元に、応募作が歌壇において一般的に想定される〈女性〉像に当てはまるかどうかを判定する様子を「性別当てゲーム」と服部は批判的に表現する。その上で、〈女性〉像ばかりが評語として用いられることから、歌壇における〈歌人〉という一般的な像が中性ではなく〈異性愛者の男性〉を指すものであり、それゆえ、ことを暴き出した。「うた新聞」の特集は歌の読解の場で作者の個人的属性を扱うことによる良い面を、「本郷短歌」の特集は、個人的属性のうちジェンダーに焦点を当てることで、その悪い面を扱ったといえよう。つまり、宝珠山は三枝の分類でいう③を扱い、大口や俵が〈母性〉というある種の時代状況に応じて仮構されたイメージに則り、あるいはそのイメージを応用して歌集を編み、評価を受ける状況を論じた。服部は三枝の②を扱い、読みに援用される〈男性〉や〈女性〉という個人的属性が極めて偏見的に限定されていたものでしかないことを論じたのである。この差はなにか――「現代」か否かだ。前川の歌を読む際には、彼の、既に明らかにされ、論じ尽くされた個人的属性や時代状況が読者の理解が大きく深める。翻って、現在進行形の現代短歌の読解に際しては個人的属性自体が多様化し、時代状況も論じ切られていない、流動的な状態にあることを前提にする必要がある。大変な作業ではあるが、新しいぶどう酒は新しい革袋に入れなければならないのだ。隆盛する学生短歌会中島裕介学生短歌会がかつてない活況を示していることは改めて言うまでもないことだろう。新人賞を見れば、２００６年頃から学生短歌会の現役会員やＯＢが受賞者に名を連ねる。角川短歌賞における澤村斉美・光森裕樹・大森静佳・薮内亮輔・吉田隼人・伊波真人、短歌研究新人賞における吉岡太朗、山崎聡子、吉田竜宇、歌壇賞に至っては平岡直子、服部真里子、佐伯紺と早稲田短歌会から三人が立て続けに受賞している。「現代短歌新聞」では昨年八月まで大辻隆弘が「大学短歌会はいま」と題した連載で十二の会を紹介していた。今年四月十二日の日本経済新聞朝刊の文化欄では学生短歌会の合宿の様子が大きく取り上げられたが、そこでも書かれているように学生短歌会でも二〇一〇年以降に設立された会は多い。そんな情況を反映したのだろう、「歌壇」六月号では「競詠学生短歌会の歌人たち」という特集が組まれている。十の学生短歌会から一人ずつ、七首連作を掲載している。幾つか歌を引用しよう。山下の歌は、この特集に登場する十人の中で唯一旧かなで表記されている一方、句読点の多用も目立つ。引用歌は一人暮らしの自室の様子だろうか。夕方に寝ていたら、いるはずのない母がいるような気がするという。作中主体の母への愛憎を感じ、また「これだから」という言い回しも面白い。これに対して、若手の現代詩作家によるユニット・ＴＯＬＴＡは五月に開催された第十八回文学フリマで「トルタの短歌」と題した、学生短歌会を特集したフリーペーパーを配布した。「トルタの短歌」は両面フルカラーのＡ１版を八つ折りにしたもので、早稲田や京大を含む十三の会の、現役会員及びＯＢ・ＯＧを含め、短歌会全体の代表歌二十五首選とその選歌基準、会の紹介文を掲載している。内容的にかなりのボリュームがあるが、それだけの印刷物が無料配布されたという事実にも驚かされる。中でも京大短歌会のコーナーは（贔屓目抜きで）際立っている。永田和宏の「母を知らぬわれに母無き五十年湖(うみ)降る雪ふりながら消ゆ」をＯＢの歌として挙げるだけでも反則級だが、これを「青春は燃えるようなものだけではない。ただ、理性と憧憬の中に静かに冷えてゆくしかない、そのような青春もあるのだ」と評する薮内亮輔の文章にもしびれる。ところで、「歌壇」の特集に登場した十名の半数は結社に所属しており、そうでない中でも新人賞の選考過程で見たことのある名前が多い。そのような、既に定評のある若手歌人の作品を、学生短歌会全体や各学生短歌会を代表したものとして捉えてはならない。その意味でも、今回の特集に学生短歌会や若手歌人を論じる評論や座談会が含まれていなかったのは残念だ。もちろん、学生短歌会という場は〈歌壇〉から論じにくい。ただでさえ〈歌壇〉の見通しが立ちにくくなっている現状、学生短歌会の会員は――歌会や様々な交流を通じて、会ごとの歌風がなんとなく引き継がれていくとはいえ――結社のように何らかの方向性や思想のもとに集まるわけではない。あくまで〈短歌という文芸の一形態に惹かれた〉という一点で集まる。その傾向は「うたらば」や「うたつかい」といった、結社に所属しない若手の同人誌にもあてはまるところだ。
代作問題と「弱い言葉」,中島裕介,角川「短歌」二〇一四年四月号では緊急特別企画「感動はどこにあるのか――作品と作者と〈物語〉」が組まれている。今年二月初旬から話題になった「佐村河内守」名義の音楽作品の代作問題を五人の歌人が論じている。順不同で触れる。大辻隆弘は、代作問題における実際の作曲家である新垣隆が「芸術性」と「大衆性」の間で揺れ動いていたことに着目・共感する。そして、現在の短歌においては「大衆性」が拡大しつつあるとした上で、「短歌が『大衆性』という価値のみを追いかけるとき、そこには短歌版の佐村河内氏が必ず登場してくるだろう」と予言している。吉川宏志は二つの提言をしている。一つは〈作者〉をイメージして――つまり〈作者〉の〈物語〉を付与して、作品を鑑賞することの危険性を指摘し、作品と〈作者〉の関係を批評的に見つめることへの提案。もう一つは、大辻の言を使ってまとめると、「芸術性」「大衆性」など、異なる価値観の間で議論を交わし、双方の価値を認める人を少しずつでも増やすことへの提案である。◆高木佳子は吉川の一つめの指摘と同様に作品の受け手が〈物語〉を完成させ、享受してしまう傾向を指摘し、短歌の実作者・読者に「作品自体の真価を判断するリテラシーを身につけるべきである」と迫る。他方、染野太朗は河合隼雄『物語を生きる』を引用して、〈物語〉は人の認識や存在がモノに何かを関係づけ、意味付けるという、本質的な機能だという。その上で代作問題のような「偽りの物語」を手放しで肯定しないが、人が〈物語〉を欲求すること自体は肯定しなければならない、というのだ。乱暴にまとめると、高木の「〈物語〉を留保して読むリテラシーを身につけるべき」という潔癖な態度に、染野は留保を求める構図を見て取れる。三枝昂之は自身の『百舌と文鎮』や斎藤茂吉の『短歌小論』、竹山広のを例に挙げて、「作者の人生という付加価値なしで作品と向かい合うことができるか」という問いを投げかける。この歌は竹山広の人生・背景――〈物語〉を知る場合と知らない場合で歌の読み方・解釈が異なるのだが、そのいずれの読みの可能性をも、三枝は評価する。この三枝の論は、好意的に見れば、〈物語〉の肯定と排除の間で、吉川のいう「双方の価値を認める」立場にあると受け取ることもできよう。実際のところ、現在の短歌実作者・読者も三枝のような態度の者が多いのではないかと私は推測する。普段の歌会や評論の場でも、程度の差や傾向はあるとしても、作品以外の〈物語〉の援用度合いを〇％から一〇〇％の間で操作して、最も豊穣な読みを導き出そうとするではないか（ただし、ここでの〈物語〉という語は意図的に限定的に用いた）。ところで、「ＳＩＧＨＴ」二〇一四年春号に掲載されている哲学者・内田樹と作家・高橋源一郎の対談が面白い。代作問題や現在の政治が話題になった後、政治的なスローガンは単純であるがゆえに、「強い言葉」として人々に影響を及ぼしている状況について、高橋は以下のようにいう。物事は複雑であり、短歌もまた複雑な〈物語〉から生まれるのではなかったか。日系人の短歌から考える作歌の態度中島裕介「短歌研究」二〇一四年三月号に、小塩卓哉が第一回から十年間、選考委員長として関わってきた海外日系文芸祭（みなとみらい文芸祭）を振り返っている。この海外日系文芸祭は、小塩のエッセイ「一冊の『短歌研究』から海外日系文芸祭の十年」によると「海外日系人と国内の短歌・俳句愛好者との交流を目的に始めたもの」であった。二〇一三年、第十回の大賞受賞作の作者はブラジル・サンパウロ在住。「受賞のことば」に「渡伯五十年」とある。移民先で日本の唱歌である「さくらさくら」を歌いながら労働に長年励んできた。その中で、成功し、故郷に錦を飾り、散る桜の花弁を浴びることを夢に願っていたのだろう。その夢に届かなかったという痛切さがこの歌にある。海外日系文芸祭は第十回にいたり、応募数は回を追うごとに増えてきたのですが、海外移住者からの作品が年々減少してきた実情を踏まえ（「第十回海外日系文芸祭作品集」あとがき）「一旦終了する」ことになったという。この要因を小塩は「何と言っても海外日系社会からの応募が高齢化によって減少したことにある」と断ずる。◆世界で日本人移民が最も多いブラジルを見ても、国立国会図書館が二〇〇八年に公開した「ブラジル移民の百年」（http://www.ndl.go.jp/brasil/）においてとある。国際交流基金が三年に一度実施している海外日本語教育機関調査の二〇一二年度版でも、近年のブラジル日系人の日本語離れが暗示されている。いずれも小塩の要因分析と違わないと言ってよいだろう。小塩のエッセイは併せて、改造社時代の「短歌研究」昭和十二年六月号の記事「ブラジル歌壇の展望」を紹介しつつ、一九三〇年頃から文芸分野への関心が高まり、戦前から戦後にかけてブラジル歌壇が隆盛したという歴史をまとめている。◆他方、田中濯は詩客の二〇一三年四月十二日付短歌時評で細川周平『日系ブラジル移民文学』を取り上げていた。田中は同書に「『素人の文学』を語ること」の重要性を見出し、いくつかの示唆に富む指摘をしているが、中でも同書が「副次的に優れた『結社論』を展開するに至った」点を一つ引用しよう。として、社交の価値を説くのである。田中はこの「社交の価値」を、「作家性により価値を置くひとびと」には「ある程度は、苦々しいもの」だが「傾聴に値する意見」としている。「社交の価値」は、私も心情的には理解できる。ただ、斉藤斎藤が『歌壇』二〇一三年十二月号「〈なかよし〉について」である種の懸念を示したように、結社に所属する歌人が「素人の文学」と同じ態度を表明する、というわけにはいかないだろう。*時評あやむるこころ中島裕介「短歌往来」で島内景二が「短歌の近代」という連載を今年からはじめている。二月号の題は「皆殺しの短歌と、四海兄弟の和歌」。この論によると、の二首は作者の戦争体験を背景にリアリティを持つが、江戸末期～明治初期の思想家である林桜園のは歴史的・同時代的背景を考慮してもなおリアリティがなく、強烈な違和感を覚える、という。一方で島内は、短詩系文学における時代区分を①「古代短歌」の奈良時代、②「和歌」の平安時代から江戸時代まで、③「近代短歌」の明治以降の三つに分けることを提案する。そして、和歌を詠むこともできた林の「皆殺し」という語に対して違和感を覚える原因を、島内は平安時代に形成された〈和の思想〉に求める。「平和＝四海兄弟」をモットーとする〈和の思想〉と「皆殺し」という語や思想が噛み合っていないからだ、と。翻って、塚本や竹山の歌において「皆殺し」という語は〈和の思想〉とは情況が異なるが故に受容される。これらの島内の指摘は興味深い。他方、「短歌研究」二〇一四年一月号における「新春対談岡井隆vs馬場あき子」で岡井は塚本の「馬を洗はば馬のたましい冱ゆるまで人戀はば人あやむるこころ」を挙げて、「人をあやめるというような行為とかそういうものを今、説明できない」と発言し、馬場も同調する。以下、対話を一部省略しつつ引用する。馬場発言の一つ目は「現在の社会状況に比して『殺し』を扱うことの困難」、馬場の二つ目及び岡井の発言は「作歌当時に『殺し』や『日本脱出』が象徴していた心情や背景が通用しないこと」を指していると言える。この両名は、島内の示した三区分の「近代短歌」に、現在の時代情況が合致しないと認識しているように見える。現在の若手歌人の歌集を見ても、島内の三区分のあとに「〈和の思想〉的な現代」という区分が付け加えられるべきかもしれない。ところで、京都・清水寺で（公財）日本漢字能力検定協会（漢検）が毎年発表している「今年の漢字」に対抗して、埼玉県の寺院が「今年の四字熟語」が制定する、という。二〇一四年一月二三日に発表された第一回の「今年の四字熟語」は「四海兄弟」。「短歌往来」二月号の刊行時期から考えても、この四字熟語は島内の論と無関係だが、時代情況の違いは示唆されていよう。*時評
紙製の歌集を出す、ということ。,中島裕介,一昨年の十月に「短歌をカネにかえたくて」というイベントを共催させていただいた。内容は「マイナーな作者が存在を知ってもらい、自作を読んでもらい、評価をしてもらう――短歌をカネにかえる契機を作るには、良い歌が収録されていることはもちろんのことながら、作者が作品以外の価値を付加する必要がある」というもの。そうでもしなければ〈お仕事〉は経験豊かな常連歌人と、常連さんオススメの新人賞受賞者へ流れていってしまう。歌集に「造本や装幀の美しさ」という付加価値が付いている近刊の歌集として、澤村斉美『galley』、堂園昌彦『やがて秋茄子へと到る』、秋月祐一『迷子のカピバラ』などが挙げられる。もちろん彼らがカネのために造本や装幀に凝ったわけではないだろう。ただ、「優れた歌が収録された歌集が美しい」ことは、結果的に歌集が直接手に取られる機会を増やす。澤村の『galley』の表紙には、光沢のある透明な箔押しで、ひらがなや様々な記号が置かれている。厚めの紙でできた扉は、表紙と同じ並びのひらがなや記号の一部が型押しされているため、それらが透明な紙から浮かび上がってくるようだ。本文はクリーム色めいた白い紙と青みがかった白い紙に十六ページごとに交互に刷られており、小口からみても驚かされる。なお、歌集の装幀を行った濱崎実幸に澤村が、青磁社の永田淳と塔短歌会の西之原一貴を交えて、インタビューしたブログ（http://galleria-galley.hateblo.jp/）が公開されている。巻頭歌。ハンガーにかかっているカーディガンが揺れたので、窓に意識を向けると、晩夏なのかあるいは夕暮れなのか、陽光が衰えてゆくという。日常的な光景を述べているが、説明的な助詞を切り詰めた結果、光景と光景の関係が淡くなり、読者の読みを誘発する。堂園の『やがて秋茄子へと到る』は光森裕樹『鈴を産むひばり』と同じ出版社・港の人から刊行されており、同じく活版印刷。帯も栞もなく、表紙は葉脈の浮き出た押し葉標本とタイトルと作者名だけ。本文は一ページ一首組。歌集のタイトルになった一首。黒く光る秋茄子を死の象徴と捉え、「僕」ではなく、後ろに一歩引いた「僕たち」の視点で人間の無常観を考える。歌集全体も作中主体が幽霊であるような淡い感覚に覆われている。澤村の歌集も堂園の歌集も、語のレベルでは立ち止まってしまう難しい語彙は少ない。しかし、一首ごとに技巧が凝らされており、歌集の美しさと併せて歌を楽しめる。ところで、昨年十月には紀伊國屋書店新宿本店で「本屋で歌集を買いたい」が、十一月に「新鋭短歌シリーズ出版記念会」が開催された。残念ながら私はどちらにも参加できなかったので、事後の感想や報告をウェブで読む限りだが、それぞれ〈書店〉や〈出版社〉という立場から歌集という媒体を再検討する、有意義なイベントだったようだ。「短歌をカネにかえたくて」が〈作者〉の側からアプローチしたイベントだったとすると、今度は〈読者〉についても再検討してよさそうだ。作者も出版社も本屋も、読者に短歌を届けたいから工夫し心を砕く。だからこそ「歌人でない読者はどういうものか」「読者はどんな人の、どんな歌を読みたいのか」「相変わらず紙の歌集で読みたいのか」といずれ検討してみたいのだ。*時評
震災後と復興の文学論,中島裕介,この号がお手元に届くのは三月十一日よりも少し前だろうか。東日本大震災から二年半ほどが経過した昨秋、青土社から二冊の本が立て続けに出版された。十一月に刊行されたのは木村朗子『震災後文学論――あたらしい日本文学のために』。同書では、東日本大震災及び原発問題（３１１）に関する認識を、と、震災が単なる天災ではなく、同時多発テロ（９１１）に連なる人災であると整理する。震災直後に書かれた主な小説作品を①震災を作中で直接描くもの、②震災を作中で間接的に描くもの、③震災の経験が刻印されていると思われ難いが、震災と重ねあわせて読み解きうるものに大別する。その上で、作家・佐藤友哉の評論を引用し、他方、福嶋亮大『復興文学論』は十月に発表された。東日本大震災及び原発問題に直接影響を受けたものではなく、柿本人麻呂や紀貫之から村上春樹、宮﨑駿らまでをも論じる。福嶋は「出来事の後＝跡に新しい題材や方法論を呼び込みながらシステムに再び活気を与える」「復興期あるいは<戦後>」こそが「日本文化に創造性が満ち溢れる」時期であるとする。人麻呂の長歌「近江の荒都を過ぐる時作れる歌」（『万葉集』巻一・二九）は、六七二年に起きた壬申の乱によって廃墟になった古都・大津宮を回顧すると共に、眼前の風景を描いている。その反歌二首「ささなみの志賀の辛崎幸くあれど大宮人の船待ちかねつ」（三〇）と「ささなみの志賀の大わだ淀むとも昔の人にまたも逢はめやも」（三一）では、眼前にはいない「大宮人」や「昔の人」に古都で呼びかける。これらの長歌と反歌によってのであり、また、それらの歌を通じてと、「懐かしい古都＝古郷として復興」する文学のあり方を福嶋は示して見せる。もちろん私も、福嶋が示した儀式的な歌のあり方が、今日の短歌でも適用可能だと思わない。木村が示した射程の広い「震災後文学」の可能性とあわせて、「書くことの困難」の中でなお書くことの、ヒントにはなるだろう。ところで、福嶋の『復興文学論』にはこんな一節がある。今も？本当に？まさかね……？*時評
未知のものに出会わざるを得ない時代の表現,中島裕介,今回から時評を担当させていただく。時評を担うには力不足に過ぎるが、追々その不足を埋めていきたい。そのためにも忌憚ない意見・批判が頂ければ幸いである。第一回ということで、この時評の方針にも関係する、私の現状認識に触れておく。総務省が二〇一一年八月に「『情報流通インデックス』計量結果の公表」（http://www.soumu.go.jp/menu_news/s-news/01iicp01_01000004.html）を行っている。マスメディア、電話、郵便等といった媒体で伝えられるありとあらゆる情報が日本でどれだけ発信され、人は情報をどれだけ受け取り、消費してきたかを示したものだ。この調査結果によると「二〇〇一年から二〇〇九年の間に、人が処理できる情報量は十％増えたが、流通する情報量は二倍になった」という。人が処理できる情報量が少々増えても、人を取り巻く情報量はそれ以上に増えてきた。この情報量増大の流れは、残念ながら不可逆である。二〇〇九年時点でこれだけの乖離があったのだ。二〇一四年現在ではこの差が広がることはあれ、埋まることはない。あなたがいかにブラウン管のテレビを愛していたとしても、そこに色鮮やかな番組はもう映らず、白黒の砂嵐が飛んでいるだけだ。高画質・多チャンネルの地上波デジタル放送をブラウン管テレビで見るには別途、受像機を用意する必要がある。前述の調査によると、流通している情報量のうち、未だそのほとんどをテレビやラジオといった放送が占めている一方、インターネットの情報量は七十倍以上増加している。企業によって一方的に情報が配信される放送ではなく、インターネットを通じてであれば、一個人が普段から写真や動画を気軽に発信でき、友人と楽しく交流することができる。そんな現在、ネットでも分かる日常についてだけ書かれた短歌をわざわざ読みたいか。私はノーだ。インターネットは短歌の作り方・読まれ方にも変化をもたらす。阪神淡路大震災、９１１、そして東日本大震災という大災害・大事件も、情報量が多い現在だからこそ、表現を大きく変容させる。フィクション以上に圧倒的な事態が現実に起こり、これまでの日常はフィクションだったかのように簡単に変わってしまう。災害や事件がリアリティのある情報として流通しているからだ。テレビの報道が「映画みたい」に見えるのは、これまでリアリティのある、フィクションの映像表現が数多く試みられてきたからだ。この避けようのない情報量氾濫の中で、短歌や、短歌と人との関わりがどうなるのか。結社のあり方について言えば、角川「短歌」九月号の特集「歌壇の歴史と現在」における「今後も超血縁性の横の関係も、機能的階統制の縦の関係もゆるやかになってネットワーク組織化していく」という大野道夫の指摘、あるいはこれを斉藤斎藤が「歌壇」十二月号の年間時評で端的に「ネットが短歌につながるとともに、結社のネット化もすすんでいる」とまとめた言がわかりやすい。評価や評判という点では、「短歌研究」十二月号の座談会で穂村弘は、歌壇に慣れている者には歌集に対する評価の良し悪しがネットからは分かりにくいと発言している。新刊の歌集に対する評判やその汲み取られ方、ひいては歌の読まれ方、評価される歌のあり方も変わってくる。そして、現在の表現については、今後の時評で論じていきたい――この時評が地上波デジタル放送における受像機の役割を果たせるように。
